pmid	included_c	included_w
29984358	1	1
29984360	NA	NA
30234193	NA	1
30234198	0	0
30271589	NA	NA
30271590	0	0
30271887	1	1
30345386	0	0
30363398	NA	0
30363869	1	1
30410729	1	1
30473778	NA	NA
30483602	1	1
30498791	1	1
30542663	NA	NA
30542665	1	1
30569033	NA	0
30569036	1	1
30569037	1	1
30569038	0	0
30596205	NA	NA
30607370	NA	NA
30607371	NA	NA
30613395	NA	NA
30613398	NA	NA
30631442	0	0
30631443	NA	NA
30647907	1	1
30662958	1	1
30671082	NA	NA
30671083	NA	NA
30671084	1	1
30671085	NA	NA
30671093	1	1
30671095	0	0
30671097	1	1
30671124	0	0
30671125	NA	NA
30671126	0	0
30671127	0	0
30671128	NA	1
30671129	NA	0
30671130	NA	NA
30671131	NA	0
30671132	NA	NA
30671168	NA	NA
30671169	NA	NA
30671170	NA	NA
30671171	NA	1
30671172	NA	NA
30671173	NA	NA
30671174	NA	1
30671175	NA	NA
30671176	NA	0
30671255	1	1
30671256	1	1
30671257	1	1
30671258	NA	1
30671260	1	1
30671261	1	1
30671262	1	1
30671263	1	1
30671264	1	1
30671265	NA	NA
30671266	NA	NA
30671267	1	1
30671268	0	0
30671269	1	1
30671270	1	1
30671271	1	1
30671272	NA	1
30671273	NA	NA
30671274	1	1
30671275	1	1
30671276	1	1
30671277	1	1
30671278	NA	NA
30671332	NA	NA
30671333	1	1
30671334	1	1
30671335	0	0
30671336	0	0
30671382	1	1
30671383	NA	NA
30671384	1	1
30671385	NA	NA
30671386	1	1
30671387	NA	NA
30671424	NA	1
30671425	1	1
30671426	1	1
30671427	1	1
30671428	NA	NA
30671429	NA	NA
30671430	NA	NA
30671431	NA	0
30671432	NA	NA
30671433	NA	0
30671435	0	0
30671436	NA	1
30671437	1	1
30671438	NA	NA
30671439	NA	0
30671441	NA	NA
30671442	1	1
30671443	1	1
30671444	NA	NA
30671445	NA	NA
30671446	NA	NA
30671447	1	1
30671449	NA	0
30671450	1	1
30671451	0	0
30671452	NA	NA
30671453	NA	NA
30671454	NA	NA
30671455	0	0
30671456	1	1
30671457	NA	NA
30671458	NA	NA
30671459	1	1
30671461	1	1
30671462	0	0
30671463	1	1
30671464	NA	NA
30671465	1	1
30671466	NA	NA
30671467	NA	NA
30671468	1	1
30671469	NA	NA
30671470	0	0
30671471	0	0
30671472	NA	NA
30671473	NA	NA
30671474	1	1
30671475	1	1
30671477	0	0
30671478	1	1
30671479	NA	NA
30671480	1	1
30671481	1	1
30671482	1	1
30671483	1	1
30671484	NA	NA
30671485	NA	NA
30671486	NA	NA
30671487	NA	NA
30671488	NA	NA
30671538	0	0
30671539	NA	NA
30671540	1	1
30671541	1	1
30671542	1	1
30671543	1	1
30672351	1	1
30672361	1	1
30672410	NA	0
30672411	NA	NA
30672669	0	0
30672670	NA	0
30672671	1	1
30672672	0	0
30672673	NA	NA
30672674	NA	0
30672675	0	0
30672676	NA	NA
30672677	0	0
30672678	NA	NA
30672679	NA	1
30672711	1	1
30673191	NA	0
30673192	NA	NA
30673193	1	1
30673194	1	1
30673195	1	1
30673196	1	1
30673197	NA	NA
30673198	NA	NA
30673199	0	0
30673200	NA	0
30673201	NA	1
30673446	NA	NA
30673447	NA	NA
30673448	NA	NA
30673449	NA	NA
30673450	NA	NA
30673451	NA	1
30673452	NA	NA
30673453	0	0
30673454	NA	NA
30673455	NA	NA
30673456	NA	NA
30673457	NA	NA
30673459	NA	NA
30673460	NA	NA
30673461	NA	NA
30673462	NA	0
30673463	NA	NA
30673464	NA	NA
30673465	NA	NA
30673466	NA	NA
30673467	NA	NA
30673468	NA	NA
30673469	NA	NA
30673470	NA	NA
30673471	NA	NA
30673660	NA	NA
30673662	NA	NA
30673663	1	1
30673664	NA	NA
30673673	1	1
30674243	NA	NA
30674246	NA	NA
30674247	0	0
30674249	NA	NA
30674250	NA	1
30674251	0	0
30674252	NA	NA
30674269	NA	NA
30674650	NA	0
30674651	NA	NA
30674759	NA	NA
30674760	NA	NA
30674761	1	1
30674762	1	1
30674763	NA	NA
30674764	NA	NA
30674765	NA	NA
30674766	NA	0
30674767	NA	NA
30674768	NA	NA
30674769	NA	NA
30674770	NA	NA
30674771	1	1
30674772	1	1
30674773	1	1
30674774	0	0
30674775	0	0
30675150	NA	NA
30675151	1	1
30675152	NA	NA
30675153	0	0
30675154	1	1
30675155	NA	NA
30675156	1	1
30675157	1	1
30675159	NA	NA
30675160	0	0
30675161	1	1
30675162	1	1
30675163	1	1
30675164	1	1
30675165	NA	NA
30675166	NA	NA
30675167	NA	NA
30675168	NA	NA
30675169	NA	NA
30675170	NA	NA
30675176	NA	NA
30675182	NA	NA
30675320	0	0
30675332	NA	0
30675333	NA	NA
30675334	1	1
30675397	1	1
30675398	1	1
30675399	1	1
30675400	1	1
30675401	1	1
30675402	1	1
30675403	NA	NA
30675404	NA	0
30675405	0	0
30675406	NA	NA
30675407	1	1
30675408	0	0
30675409	1	1
30675410	1	1
30675411	1	1
30675433	0	0
30675434	NA	1
30675435	NA	0
30675469	1	1
30675494	NA	NA
30675510	1	1
30675820	NA	NA
30676123	1	1
30676174	1	1
30676178	NA	NA
30676844	1	1
30677272	NA	NA
30677273	0	0
30677274	1	1
30677275	0	0
30677276	NA	0
30677277	0	0
30677278	NA	NA
30677279	1	1
30677280	1	1
30677281	NA	NA
30677282	1	1
30677283	1	1
30677284	NA	NA
30677751	NA	1
30677753	1	1
30677755	NA	NA
30677765	NA	NA
30679882	0	0
30679883	NA	0
30679890	NA	0
30679891	0	0
30679892	NA	NA
30679893	NA	NA
30679894	NA	NA
30679901	NA	0
30679931	NA	NA
30679948	0	0
30679949	1	1
30679950	0	0
30679951	1	1
30679952	0	0
30679953	NA	NA
30679954	NA	0
30680052	1	1
30680053	0	0
30680054	NA	NA
30680055	NA	0
30680056	NA	NA
30680074	0	0
30680075	1	1
30680076	1	1
30680077	1	1
30680078	NA	0
30680079	1	1
30680080	1	1
30680081	1	1
30680082	1	1
30680083	1	1
30680084	1	1
30680085	1	1
30680086	1	1
30680229	1	1
30680230	1	1
30680231	NA	NA
30680232	NA	NA
30680233	1	1
30680234	0	0
30680235	0	0
30680236	0	0
30680237	1	1
30680238	1	1
30680239	NA	0
30680240	NA	NA
30680241	1	1
30680242	1	1
30680243	NA	0
30680244	0	0
30680245	1	1
30680248	NA	NA
30680249	NA	NA
30680250	NA	NA
30680308	NA	NA
30680311	NA	NA
30680373	0	0
30680374	0	0
30681023	1	1
30681025	1	1
30681026	NA	NA
30681039	1	1
30681883	NA	NA
30681887	1	1
30681893	1	1
30683020	NA	NA
30684323	NA	NA
30684324	1	1
30684325	1	1
30684326	1	1
30684327	1	1
30684328	1	1
30684329	1	1
30684330	1	1
30684331	1	1
30684332	NA	1
30684333	1	1
30684334	1	1
30684335	1	1
30684336	1	1
30684337	1	1
30684338	0	0
30684339	1	1
30684340	1	1
30684341	1	1
30684342	1	1
30684343	1	1
30684344	NA	NA
30684345	NA	1
30684346	NA	NA
30684347	0	0
30684348	0	0
30684349	NA	NA
30684350	NA	NA
30684351	0	0
30684352	1	1
30684353	1	1
30685762	NA	NA
30686000	NA	0
30686001	0	0
30686002	NA	NA
30686003	NA	0
30686004	0	0
30686005	NA	NA
30686006	NA	NA
30686007	NA	NA
30686008	1	1
30686011	NA	NA
30686012	NA	0
30686013	0	0
30686014	NA	NA
30686015	1	1
30686016	1	1
30686017	NA	NA
30686018	NA	0
30686019	1	1
30686020	1	1
30686021	1	1
30686249	0	0
30686250	0	0
30686251	1	1
30686852	NA	NA
30686853	NA	NA
30686933	1	1
30686934	NA	NA
30686945	NA	NA
30686964	NA	NA
30686965	NA	NA
30686966	1	1
30686967	NA	0
30686968	1	1
30686969	NA	NA
30686970	1	1
30686971	0	0
30686972	NA	NA
30686973	NA	0
30686974	1	1
30686975	0	0
30686976	NA	NA
30686977	0	0
30686978	1	1
30686979	NA	NA
30686980	NA	NA
30686981	0	0
30686982	NA	NA
30686983	NA	NA
30686984	1	1
30686985	NA	0
30686986	0	0
30686987	0	0
30686988	NA	0
30686989	NA	0
30686990	0	0
30686992	0	0
30686993	NA	NA
30686994	NA	NA
30686995	1	1
30686996	0	0
30686997	NA	NA
30686998	NA	NA
30686999	NA	NA
30687000	NA	NA
30687001	NA	0
30687002	NA	NA
30687003	NA	NA
30687004	NA	NA
30687005	NA	NA
30687006	NA	NA
30687007	NA	NA
30687008	NA	NA
30687009	NA	NA
30687010	NA	NA
30687011	NA	NA
30687012	NA	NA
30687013	NA	NA
30687014	NA	NA
30687015	NA	NA
30687016	NA	NA
30687017	NA	NA
30687018	NA	NA
30687019	NA	NA
30687020	NA	0
30687021	NA	NA
30687022	NA	NA
30687023	NA	NA
30687024	NA	1
30687025	NA	NA
30687026	1	1
30687027	NA	NA
30687028	NA	NA
30687029	NA	NA
30687030	1	1
30687031	NA	NA
30687032	NA	NA
30687033	0	0
30687034	NA	0
30687035	1	1
30687036	NA	NA
30687038	NA	NA
30687039	1	1
30687040	0	0
30687041	0	0
30687042	NA	NA
30687043	1	1
30687044	NA	NA
30687045	NA	NA
30687046	NA	0
30687047	1	1
30687048	NA	0
30687049	1	1
30687050	NA	NA
30687051	1	1
30687052	1	1
30687053	NA	NA
30687054	NA	NA
30687055	NA	NA
30687056	NA	NA
30687057	NA	NA
30687075	NA	NA
30687076	1	1
30687077	1	1
30687078	1	1
30687079	NA	NA
30687081	1	1
30687082	NA	NA
30687083	NA	0
30687084	NA	0
30687085	NA	NA
30687086	NA	NA
30687087	NA	NA
30687088	NA	NA
30687089	NA	NA
30687090	1	1
30687091	NA	NA
30687092	NA	NA
30687093	1	1
30687094	NA	NA
30687095	NA	NA
30687096	NA	NA
30687097	NA	NA
30687098	NA	NA
30687099	0	0
30687100	0	0
30687101	NA	NA
30687102	NA	NA
30687103	NA	NA
30687104	NA	NA
30687105	NA	NA
30687106	NA	NA
30687107	NA	0
30687108	1	1
30687109	1	1
30687110	NA	NA
30687111	NA	NA
30687112	NA	NA
30687113	NA	NA
30687114	NA	NA
30687115	NA	NA
30687116	NA	NA
30687117	NA	1
30687118	NA	0
30687119	0	0
30687120	NA	NA
30687121	NA	NA
30687122	NA	NA
30687123	NA	NA
30687124	NA	NA
30687125	NA	NA
30687126	NA	NA
30687127	1	1
30687128	NA	NA
30687129	NA	NA
30687130	1	1
30687131	NA	0
30687132	NA	NA
30687133	NA	NA
30687134	NA	NA
30687135	1	1
30687136	0	0
30687137	1	1
30687138	1	1
30687139	NA	NA
30687140	1	1
30687141	NA	0
30687142	1	1
30687143	1	1
30687144	NA	1
30687145	NA	NA
30687146	NA	NA
30687147	NA	NA
30687148	NA	0
30687149	NA	0
30687150	NA	NA
30687151	0	0
30687152	NA	0
30687153	NA	0
30687154	1	1
30687155	NA	NA
30687156	0	0
30687157	1	1
30687158	NA	NA
30687159	1	1
30687160	NA	NA
30687161	NA	0
30687162	0	0
30687163	1	1
30687164	1	1
30687165	NA	NA
30687166	NA	NA
30687167	NA	NA
30687168	NA	NA
30687169	1	1
30687170	NA	NA
30687171	1	1
30687172	1	1
30687173	0	0
30687174	1	1
30687176	1	1
30687178	NA	NA
30687180	NA	0
30687181	1	1
30687182	NA	NA
30687183	NA	NA
30687184	NA	NA
30687185	NA	NA
30687186	1	1
30687187	NA	NA
30687188	1	1
30687189	1	1
30687190	1	1
30687191	1	1
30687192	1	1
30687193	1	1
30687194	NA	NA
30687195	NA	0
30687196	NA	NA
30687197	1	1
30687198	NA	NA
30687199	1	1
30687200	1	1
30687201	1	1
30687202	NA	0
30687203	1	1
30687204	NA	NA
30687205	1	1
30687206	1	1
30687207	NA	0
30687208	0	0
30687209	NA	0
30687210	0	0
30687211	0	0
30687212	1	1
30687213	1	1
30687214	NA	NA
30687215	NA	0
30687216	NA	1
30687217	1	1
30687218	0	0
30687219	0	0
30687221	NA	0
30687222	1	1
30687223	1	1
30687224	1	1
30687225	1	1
30687226	1	1
30687227	1	1
30687228	1	1
30687229	NA	NA
30687230	1	1
30687231	NA	NA
30687232	NA	NA
30687233	NA	NA
30687234	NA	1
30687235	1	1
30687236	NA	NA
30687237	1	1
30687238	1	1
30687239	NA	NA
30687240	NA	NA
30687241	NA	NA
30687242	NA	NA
30687244	NA	NA
30687245	NA	NA
30687246	NA	NA
30687247	NA	NA
30687248	NA	0
30687249	NA	NA
30687250	NA	0
30687251	NA	NA
30687252	NA	NA
30687253	NA	NA
30687254	NA	NA
30687255	NA	NA
30687256	NA	NA
30687257	NA	NA
30687258	NA	NA
30687259	1	1
30687260	NA	NA
30687261	NA	NA
30687262	NA	NA
30687263	NA	NA
30687264	NA	0
30687265	NA	NA
30687266	NA	NA
30687267	NA	NA
30687268	NA	0
30687269	NA	NA
30687270	NA	NA
30687271	NA	NA
30687272	NA	NA
30687273	NA	NA
30687274	NA	NA
30687275	NA	0
30687276	NA	NA
30687277	NA	NA
30687278	0	0
30687279	NA	NA
30687280	NA	NA
30687281	NA	NA
30687282	NA	NA
30687283	NA	0
30687284	NA	NA
30687285	NA	NA
30687286	NA	NA
30687287	NA	0
30687288	NA	NA
30687290	NA	0
30687291	NA	NA
30687292	NA	0
30687293	NA	NA
30687294	NA	NA
30687295	NA	NA
30687296	NA	0
30687297	NA	NA
30687298	NA	NA
30687299	NA	NA
30687300	NA	NA
30687301	0	0
30687302	NA	NA
30687303	NA	0
30687304	NA	NA
30687305	NA	0
30687306	NA	NA
30687307	1	1
30687308	NA	NA
30687309	NA	NA
30687310	0	0
30687311	NA	NA
30687312	NA	NA
30687313	NA	NA
30687314	NA	0
30687315	NA	NA
30687316	0	0
30687317	NA	NA
30687318	NA	0
30687319	1	1
30687320	NA	NA
30687321	0	0
30687322	NA	0
30687323	NA	0
30687324	NA	NA
30687325	0	0
30687326	NA	NA
30687327	NA	NA
30687328	NA	NA
30687329	NA	NA
30687330	NA	NA
30687331	NA	NA
30687332	NA	NA
30687333	NA	0
30687334	NA	NA
30687335	NA	NA
30687336	1	1
30687337	1	1
30687338	NA	0
30687339	NA	NA
30687340	NA	NA
30687341	NA	NA
30687342	NA	NA
30687343	NA	NA
30687344	NA	0
30687345	NA	NA
30687346	NA	NA
30687347	NA	NA
30687348	NA	NA
30687349	NA	NA
30687350	NA	NA
30687351	NA	NA
30687352	NA	NA
30687353	NA	NA
30687354	NA	NA
30687355	NA	NA
30687356	NA	NA
30687357	NA	NA
30687358	NA	NA
30687359	NA	NA
30687360	NA	NA
30687361	NA	NA
30687362	NA	NA
30687363	NA	NA
30687364	NA	NA
30687365	NA	NA
30687366	NA	NA
30687367	NA	0
30687368	NA	NA
30687369	NA	NA
30687370	NA	NA
30687371	NA	NA
30687372	NA	NA
30687373	NA	NA
30687374	NA	NA
30687375	NA	NA
30687376	NA	NA
30687377	NA	NA
30687378	NA	NA
30687379	NA	NA
30687380	NA	0
30687381	NA	NA
30687382	NA	NA
30687383	NA	1
30687384	NA	NA
30687385	NA	NA
30687386	0	0
30687387	NA	NA
30687388	NA	NA
30687389	NA	NA
30687390	NA	NA
30687391	NA	NA
30687392	NA	NA
30687393	1	1
30687394	NA	NA
30687395	NA	NA
30687396	NA	NA
30687397	NA	NA
30687398	NA	NA
30687399	NA	NA
30687400	NA	NA
30687401	1	1
30687402	NA	NA
30687403	0	0
30687404	NA	NA
30687405	NA	NA
30687409	NA	NA
30687454	NA	NA
30687458	1	1
30687459	0	0
30687460	1	1
30687461	0	0
30687462	1	1
30687463	1	1
30687489	NA	NA
30687490	NA	0
30687493	0	0
30687494	1	1
30687495	NA	1
30687496	0	0
30687497	1	1
30687498	NA	0
30687499	NA	NA
30687502	NA	NA
30687505	1	1
30687507	1	1
30687508	0	0
30687509	NA	NA
30687510	NA	NA
30687511	NA	NA
30687512	1	1
30687513	1	1
30687514	0	0
30687520	0	0
30687521	1	1
30687522	1	1
30687524	NA	0
30687543	NA	NA
30687544	NA	NA
30687545	NA	NA
30687546	NA	NA
30687547	NA	NA
30687548	1	1
30687549	NA	0
30687550	1	1
30687551	0	0
30687552	1	1
30687553	0	0
30687554	NA	NA
30687555	1	1
30687556	1	1
30687557	1	1
30687558	1	1
30687559	NA	NA
30687566	NA	NA
30687568	0	0
30687569	1	1
30687570	NA	1
30687571	0	0
30687572	1	1
30687573	0	0
30687574	NA	1
30687633	0	0
30687634	0	0
30687635	1	1
30687636	1	1
30687637	NA	0
30687638	NA	NA
30687639	1	1
30687640	NA	NA
30687642	0	0
30687643	NA	NA
30687644	NA	NA
30687645	NA	NA
30687646	NA	NA
30687647	NA	NA
30687648	NA	NA
30687649	NA	NA
30687684	1	1
30687685	0	0
30687686	0	0
30687687	1	1
30687688	NA	NA
30687689	NA	NA
30687690	0	0
30687691	NA	0
30687692	1	1
30687693	NA	NA
30687694	NA	NA
30687695	NA	NA
30687696	NA	NA
30687697	NA	NA
30687698	NA	NA
30687699	NA	NA
30687700	NA	NA
30687701	NA	NA
30687702	NA	NA
30687703	NA	0
30687704	NA	NA
30687705	NA	NA
30687707	1	1
30687708	NA	NA
30687709	NA	NA
30687710	NA	1
30687711	NA	1
30687712	1	1
30687713	NA	0
30687714	1	1
30687715	1	1
30687716	NA	0
30687717	0	0
30687718	1	1
30687719	NA	NA
30687720	0	0
30687721	NA	NA
30687722	NA	NA
30687723	NA	NA
30687724	NA	NA
30687726	NA	0
30687727	0	0
30687728	NA	NA
30687732	NA	NA
30687734	NA	1
30687735	0	0
30687736	NA	0
30687737	NA	0
30687738	1	1
30687739	1	1
30687740	NA	NA
30687741	0	0
30687742	0	0
30687743	NA	0
30687744	1	1
30687745	NA	NA
30687746	0	0
30687747	0	0
30687748	NA	0
30687749	NA	NA
30687750	NA	NA
30687751	NA	NA
30687752	NA	NA
30687753	1	1
30687754	0	0
30687755	NA	NA
30687756	NA	NA
30687757	1	1
30687758	NA	NA
30687759	NA	NA
30687760	NA	NA
30687761	1	1
30687762	NA	NA
30687763	1	1
30687764	0	0
30687765	1	1
30687766	1	1
30687767	NA	NA
30687780	1	1
30687781	NA	0
30687782	1	1
30687783	1	1
30687784	1	0
30687785	1	1
30687786	1	1
30687788	1	1
30687789	1	1
30687790	1	1
30687791	1	1
30687792	NA	1
30687793	NA	NA
30687794	1	1
30687795	1	1
30687796	1	1
30687797	NA	NA
30687800	NA	0
30687805	1	1
30687812	NA	0
30688100	NA	NA
30688101	NA	NA
30688106	NA	NA
30688136	NA	0
30689317	NA	NA
30689318	0	0
30689319	1	1
30689320	NA	NA
30689321	1	1
30689322	1	1
30689323	0	0
30689324	1	1
30689325	1	1
30689326	1	1
30689327	1	1
30689328	1	1
30689329	0	0
30689397	NA	NA
30691255	1	1
30691320	NA	NA
30692847	0	0
30692848	NA	NA
30692849	NA	NA
30692850	0	0
30692851	NA	NA
30692852	0	0
30692853	0	0
30692854	0	0
30692855	0	0
30692856	NA	NA
30692857	0	0
30692858	0	0
30692859	0	0
30692860	NA	NA
30692861	0	0
30692862	0	0
30692863	NA	NA
30692864	NA	0
30692870	NA	0
30692871	NA	NA
30692872	1	1
30692904	NA	NA
30692905	0	0
30692906	1	1
30692907	NA	0
30692908	1	1
30692909	1	1
30692910	NA	0
30692911	NA	NA
30692912	NA	NA
30692913	NA	NA
30692914	NA	NA
30692915	NA	NA
30692916	NA	NA
30692917	0	0
30692918	NA	NA
30692919	NA	NA
30692920	0	0
30692921	1	1
30692922	1	1
30692923	NA	NA
30692924	NA	NA
30692925	0	0
30692926	NA	NA
30692927	NA	NA
30692928	NA	0
30692929	0	0
30692930	NA	NA
30692931	NA	NA
30692932	NA	NA
30692933	NA	NA
30692934	NA	NA
30692935	0	0
30692936	NA	NA
30692937	NA	NA
30692938	NA	0
30692939	1	1
30692940	NA	NA
30692942	1	1
30692943	1	1
30692944	1	1
30692945	1	1
30692946	NA	NA
30692947	NA	NA
30692948	NA	NA
30692949	NA	0
30692950	NA	0
30692951	1	1
30692952	1	1
30692953	1	1
30692954	NA	1
30692955	NA	NA
30692956	NA	0
30692957	NA	NA
30692958	1	1
30692959	NA	0
30692960	1	1
30692962	NA	NA
30692963	1	1
30692964	0	0
30692965	1	1
30692966	1	1
30692967	NA	NA
30692968	NA	NA
30692969	1	1
30692970	NA	NA
30692971	NA	NA
30692972	NA	NA
30692973	NA	NA
30692974	NA	NA
30692975	NA	NA
30692976	NA	NA
30692977	NA	NA
30692978	NA	NA
30692979	NA	NA
30692980	NA	NA
30692981	NA	NA
30692982	NA	NA
30692983	NA	NA
30692984	NA	NA
30692985	NA	NA
30692986	NA	NA
30692987	1	1
30692988	NA	NA
30692989	NA	NA
30692990	NA	NA
30692991	0	0
30692992	NA	0
30692993	NA	NA
30692994	NA	0
30692995	NA	NA
30692996	NA	NA
30692997	NA	NA
30692998	1	1
30692999	NA	NA
30693000	NA	NA
30693001	NA	NA
30693002	NA	1
30693003	NA	NA
30693004	NA	NA
30693005	NA	NA
30693006	NA	NA
30693007	NA	NA
30693008	NA	NA
30693009	NA	0
30693010	0	0
30693011	NA	NA
30693012	NA	NA
30693013	NA	NA
30693014	NA	NA
30693015	NA	NA
30693016	0	0
30693017	NA	NA
30693018	NA	1
30693019	NA	NA
30693020	NA	NA
30693021	NA	NA
30693022	NA	NA
30693023	NA	0
30693027	NA	1
30693032	NA	NA
30693033	NA	1
30693034	NA	NA
30693035	1	1
30693037	NA	NA
30693038	NA	NA
30693039	1	1
30693040	1	1
30693041	1	1
30693042	NA	0
30693043	0	0
30693044	NA	NA
30693045	1	1
30693046	1	1
30693047	NA	0
30693061	NA	0
30693063	NA	0
30693064	NA	NA
30693065	NA	NA
30693066	1	1
30693067	NA	NA
30693068	NA	NA
30693069	NA	NA
30693103	1	1
30693104	1	1
30693109	1	1
30693110	1	1
30693111	NA	NA
30693112	NA	0
30693113	1	1
30693114	NA	NA
30693115	1	1
30693116	1	1
30693117	1	1
30693118	1	1
30693119	1	1
30693120	1	1
30693121	1	1
30693122	1	1
30693123	1	1
30693124	NA	0
30693125	1	1
30693126	1	1
30693127	1	1
30693128	1	1
30693129	1	1
30693130	1	1
30693131	1	1
30693132	1	1
30693133	0	0
30693134	NA	NA
30693270	1	1
30693271	1	1
30693272	NA	NA
30693273	NA	NA
30693274	NA	0
30693275	0	0
30693276	NA	0
30693277	NA	NA
30693278	NA	0
30693279	NA	NA
30693280	NA	NA
30693281	NA	0
30693282	NA	NA
30693283	0	0
30693284	1	1
30693285	1	1
30693286	1	1
30693288	0	0
30693289	1	1
30693290	1	1
30693291	1	1
30693292	NA	0
30693293	1	1
30693294	1	1
30693295	1	1
30693296	1	1
30693297	1	1
30693298	1	1
30693299	1	1
30693300	1	1
30693301	1	1
30693302	1	1
30693303	1	1
30693304	NA	NA
30693305	1	1
30693306	1	1
30693307	1	1
30693308	1	1
30693309	1	1
30693828	1	1
30693853	NA	NA
30695777	NA	NA
30695780	NA	NA
30695784	0	0
30695786	NA	NA
30696373	1	1
30697140	NA	NA
30697141	NA	NA
30697142	NA	0
30697143	NA	NA
30697144	1	1
30697145	1	1
30697146	0	0
30697147	NA	NA
30697148	NA	NA
30697149	NA	0
30697150	1	1
30697151	1	1
30697152	NA	NA
30697153	NA	NA
30697154	NA	NA
30697156	1	1
30697157	0	0
30697158	NA	NA
30697159	NA	NA
30697160	1	1
30697161	NA	NA
30697162	NA	NA
30697163	NA	NA
30697164	NA	0
30697165	NA	NA
30697166	1	1
30697167	NA	NA
30697168	NA	NA
30697169	NA	NA
30697170	NA	0
30697171	NA	NA
30697174	1	1
30697175	1	1
30697176	0	0
30697177	NA	NA
30697178	1	1
30697179	NA	NA
30697180	1	1
30697181	NA	NA
30697182	1	1
30697183	NA	NA
30697184	1	1
30697185	1	1
30697186	1	1
30697188	1	1
30697189	NA	0
30697190	0	0
30697191	NA	0
30697192	1	1
30697193	NA	NA
30697194	NA	NA
30697195	NA	NA
30697196	NA	NA
30697197	NA	NA
30697198	NA	NA
30697199	NA	NA
30697200	NA	NA
30697201	NA	1
30697202	NA	NA
30697203	1	1
30697204	NA	NA
30697205	NA	NA
30697206	NA	NA
30697207	NA	NA
30697208	NA	1
30697209	NA	NA
30697210	NA	NA
30697211	NA	0
30697212	1	1
30697213	NA	NA
30697214	NA	0
30697215	NA	0
30697216	NA	NA
30697217	NA	NA
30697218	NA	NA
30697219	NA	NA
30697220	NA	NA
30697221	0	0
30697222	NA	NA
30697223	NA	NA
30697224	NA	NA
30697225	NA	NA
30697226	NA	NA
30697227	NA	NA
30697228	NA	NA
30697229	NA	NA
30697230	1	1
30697231	NA	NA
30697361	NA	0
30697362	0	0
30697363	0	0
30697364	NA	NA
30697365	NA	1
30697448	NA	0
30697449	NA	NA
30697450	1	1
30697451	1	1
30697452	1	1
30697453	1	1
30697454	NA	0
30697455	1	1
30697456	0	0
30697457	NA	NA
30697458	1	1
30697459	NA	NA
30697460	1	1
30697461	1	1
30697462	1	1
30697463	NA	0
30697466	0	0
30697467	NA	NA
30697506	NA	NA
30697507	0	0
30697508	1	1
30697509	1	1
30697510	1	1
30697511	1	1
30697528	NA	1
30697529	1	1
30697530	1	1
30697531	NA	0
30697532	NA	0
30697535	1	1
30697536	NA	NA
30697538	NA	NA
30697539	NA	NA
30697540	0	0
30697541	0	0
30697569	NA	NA
30697577	NA	NA
30697578	NA	NA
30697579	NA	NA
30697580	NA	NA
30698056	1	1
30698107	NA	NA
30698109	0	0
30698111	NA	NA
30698112	NA	0
30698113	1	1
30698538	1	1
30698539	NA	NA
30698540	NA	NA
30698541	NA	0
30698542	NA	NA
30698543	NA	NA
30698544	NA	NA
30698545	NA	0
30698546	NA	NA
30698547	NA	NA
30698548	NA	0
30698549	1	1
30698550	NA	NA
30698551	1	1
30698552	1	1
30698553	1	1
30698554	1	1
30698555	1	1
30698556	NA	NA
30698557	1	1
30698558	NA	NA
30698559	1	1
30698560	1	1
30698561	NA	NA
30698562	NA	NA
30698563	1	1
30698564	NA	NA
30698565	NA	NA
30698566	NA	NA
30698567	NA	NA
30698568	NA	NA
30698569	NA	NA
30698570	NA	NA
30698571	NA	NA
30699002	NA	NA
30699411	1	1
30700179	NA	NA
30700180	1	1
30700973	NA	NA
30700974	0	0
30700975	1	1
30700976	NA	NA
30700977	NA	NA
30700978	0	0
30700979	0	0
30700980	0	0
30700981	NA	NA
30700982	NA	NA
30700983	NA	NA
30700984	1	1
30700985	NA	NA
30700986	NA	NA
30700987	NA	NA
30700988	NA	NA
30700989	0	0
30700990	NA	NA
30700993	NA	NA
30701108	NA	NA
30701129	NA	NA
30701169	NA	NA
30701170	0	0
30701171	NA	NA
30701172	NA	NA
30701174	1	1
30701175	NA	NA
30701179	NA	NA
30701182	NA	NA
30701183	NA	NA
30701185	NA	NA
30701197	NA	0
30701208	0	0
30701209	NA	0
30701215	1	1
30701218	1	1
30701264	NA	NA
30702221	NA	1
30702222	1	1
30702223	1	1
30702224	0	0
30702225	1	1
30702226	1	1
30702227	1	1
30702228	1	1
30702229	NA	NA
30702230	1	1
30702231	NA	0
30702232	NA	0
30702233	NA	NA
30702368	1	1
30702369	NA	NA
30702377	1	1
30702378	1	1
30702379	1	1
30702381	1	1
30703766	NA	NA
30703768	NA	NA
30703857	NA	NA
30703858	0	0
30704296	NA	NA
30705465	NA	NA
30705610	1	1
30705615	NA	NA
30705616	NA	0
30705617	1	1
30705618	NA	0
30705619	NA	NA
30705620	NA	NA
30705621	NA	NA
30705622	NA	NA
30705623	1	1
30705625	NA	NA
30705627	1	1
30705628	NA	NA
30705629	NA	NA
30705630	NA	NA
30705631	NA	NA
30705632	NA	NA
30705633	NA	0
30705634	0	0
30705635	NA	NA
30705636	1	1
30705637	NA	NA
30705638	0	0
30705639	NA	0
30705640	NA	NA
30705641	1	1
30705642	1	1
30705643	NA	NA
30705644	1	1
30705645	0	0
30705647	0	0
30705649	1	1
30705650	NA	0
30705651	0	0
30705652	NA	NA
30705653	NA	0
30705654	1	1
30705655	1	1
30705656	1	1
30705657	1	1
30705660	1	1
30705661	1	1
30705662	0	0
30705663	NA	0
30705664	1	1
30705665	0	0
30705666	1	1
30705667	1	1
30705668	NA	0
30705670	1	1
30705671	NA	1
30705672	NA	0
30705673	NA	NA
30705674	NA	NA
30705675	1	1
30705676	NA	NA
30705677	NA	NA
30705678	NA	NA
30705679	0	0
30705680	NA	NA
30705681	NA	NA
30705682	NA	NA
30705683	NA	NA
30705684	0	0
30705685	NA	NA
30705686	NA	NA
30705749	1	1
30705750	NA	NA
30705751	NA	NA
30705752	NA	0
30705874	1	1
30705875	1	1
30705876	NA	NA
30705877	NA	0
30705878	1	1
30705879	NA	NA
30705880	NA	NA
30705881	NA	NA
30705883	NA	NA
30705884	NA	0
30705885	1	1
30705887	NA	NA
30705888	NA	NA
30705968	NA	1
30705971	NA	NA
30706031	1	1
30706044	1	1
30706053	1	1
30706054	0	0
30706055	NA	NA
30706056	1	1
30706747	NA	NA
30706779	NA	NA
30706800	0	0
30706802	NA	NA
30706803	NA	0
30706804	NA	0
30706805	NA	0
30706806	0	0
30706819	1	1
30706820	1	1
30706821	0	0
30706830	NA	NA
30707003	NA	NA
30709328	1	1
30709329	0	0
30710470	NA	0
30710471	NA	0
30711054	NA	NA
30712333	1	1
30713192	NA	NA
30713193	NA	NA
30713194	NA	NA
30713408	1	1
30713420	0	0
30713421	NA	0
30713422	NA	NA
30713423	NA	0
30713424	NA	NA
30713425	NA	NA
30713426	1	1
30713427	1	1
30713470	1	1
30713472	0	0
30713473	NA	NA
30713476	NA	NA
30713477	NA	0
30713479	1	1
30713483	0	0
30713487	1	1
30713488	1	1
30713489	NA	NA
30713490	NA	NA
30713492	0	0
30713493	1	1
30713494	NA	NA
30713495	1	1
30713496	NA	NA
30713497	NA	NA
30713498	1	1
30713500	NA	NA
30713501	0	0
30713502	NA	0
30713504	NA	NA
30713505	NA	NA
30713506	1	1
30713507	1	1
30713508	1	1
30713509	1	1
30713510	NA	NA
30713511	1	1
30713514	NA	NA
30713515	NA	NA
30713516	1	1
30713517	NA	NA
30713518	NA	NA
30713519	1	1
30713520	NA	NA
30713521	1	1
30713522	1	1
30713523	NA	NA
30713524	0	0
30713526	NA	NA
30713527	NA	NA
30713528	NA	NA
30713529	NA	NA
30713530	NA	NA
30713531	NA	NA
30713535	NA	NA
30713536	1	1
30713537	1	1
30713538	0	0
30713539	NA	NA
30713542	NA	NA
30713543	0	0
30713544	NA	NA
30713545	NA	NA
30713546	NA	NA
30713548	1	1
30713549	NA	NA
30713550	NA	NA
30713551	NA	NA
30713552	NA	NA
30713714	NA	0
30713715	1	1
30713824	NA	NA
30713825	NA	0
30713826	NA	NA
30713832	1	1
30713837	1	1
30713838	NA	0
30713839	NA	NA
30713840	NA	NA
30713841	NA	NA
30713842	NA	NA
30713843	NA	NA
30713844	NA	NA
30713845	NA	NA
30713846	NA	0
30714024	NA	NA
30714046	1	1
30714388	1	1
30714521	NA	NA
30714528	1	1
30714579	NA	NA
30714580	NA	NA
30714851	1	1
30714984	1	1
30714985	1	1
30715931	1	1
30715932	1	1
30715933	1	1
30715934	0	0
30715950	NA	1
30715951	NA	1
30715952	NA	NA
30715953	0	0
30716731	1	1
30716733	1	1
30716735	NA	NA
30716738	1	1
30718267	NA	NA
30718937	NA	0
30718938	NA	NA
30718981	NA	NA
30718982	NA	NA
30718983	NA	NA
30718997	NA	NA
30718998	NA	NA
30718999	NA	NA
30719001	1	1
30719002	0	0
30719003	NA	NA
30719004	1	1
30719005	NA	NA
30719006	1	1
30719007	NA	0
30719008	NA	NA
30719009	NA	0
30719010	NA	NA
30719011	NA	NA
30719013	0	0
30719014	NA	NA
30719015	NA	1
30719016	NA	NA
30719017	1	1
30719018	0	0
30719019	NA	1
30719020	1	1
30719021	1	1
30719023	NA	NA
30719024	NA	NA
30719025	1	1
30719026	NA	NA
30719027	NA	0
30719028	NA	NA
30719029	NA	NA
30719030	NA	NA
30719031	NA	0
30719032	NA	NA
30719033	NA	NA
30719035	NA	NA
30719269	0	0
30719270	0	0
30719271	NA	0
30719422	1	1
30719423	1	1
30719424	NA	NA
30719426	0	0
30719430	1	1
30719431	0	0
30719433	0	0
30719435	0	0
30719437	NA	NA
30719943	NA	NA
30720249	NA	NA
30720952	0	0
30720953	1	1
30720954	NA	0
30720955	1	1
30720956	1	1
30720957	1	1
30720958	0	0
30720959	0	0
30720960	1	1
30720961	1	1
30720962	NA	NA
30720963	NA	0
30720968	NA	NA
30720969	NA	NA
30721173	1	1
30721174	1	1
30721175	1	1
30721176	1	1
30721177	1	1
30721178	1	1
30721179	NA	NA
30721180	1	1
30721181	NA	1
30721182	NA	NA
30721183	NA	NA
30721184	NA	1
30721185	NA	1
30721186	NA	NA
30721187	NA	NA
30721188	NA	1
30721189	NA	NA
30721190	NA	NA
30721191	NA	NA
30721192	NA	NA
30721193	NA	NA
30721194	NA	NA
30721195	NA	NA
30721196	NA	NA
30721197	1	1
30721198	NA	NA
30721199	NA	0
30721200	1	1
30721201	1	1
30721202	1	1
30721203	1	1
30721204	1	1
30721205	NA	NA
30721206	NA	0
30721207	NA	NA
30721208	NA	NA
30721209	NA	NA
30721210	NA	NA
30721211	NA	0
30721212	1	1
30721213	0	0
30721214	NA	NA
30721215	1	1
30721216	1	1
30721217	1	1
30721218	1	1
30721219	1	1
30721220	1	1
30721221	NA	NA
30721222	NA	1
30721223	NA	NA
30721224	NA	NA
30723391	NA	1
30723392	1	1
30723393	NA	NA
30723397	NA	NA
30723399	NA	0
30723401	NA	NA
30723402	NA	NA
30723410	NA	NA
30723412	NA	NA
30723413	0	0
30723418	NA	NA
30723419	NA	NA
30723421	1	1
30723422	0	0
30723423	NA	NA
30723424	NA	NA
30723428	1	1
30723429	NA	NA
30723430	NA	NA
30723431	0	0
30723432	NA	NA
30723433	0	0
30723443	NA	NA
30723444	1	1
30723445	NA	NA
30723446	1	1
30723453	1	1
30723454	NA	1
30723455	1	1
30723456	1	1
30723458	NA	NA
30723463	1	1
30723464	NA	0
30723465	NA	NA
30723475	NA	NA
30723476	NA	NA
30723477	NA	NA
30723478	1	1
30723479	NA	NA
30723480	NA	NA
30723481	NA	0
30723486	NA	NA
30723487	NA	NA
30723488	NA	0
30723492	NA	NA
30723493	NA	NA
30723494	NA	NA
30723495	NA	NA
30723503	NA	NA
30723505	NA	NA
30723695	NA	NA
30723696	1	1
30723697	NA	NA
30723709	0	0
30723710	1	1
30723711	0	0
30723712	1	1
30723714	NA	NA
30723717	1	1
30723718	0	0
30723719	NA	0
30723720	NA	NA
30723721	NA	0
30723722	NA	NA
30723723	NA	NA
30724043	NA	0
30724044	NA	NA
30724045	NA	NA
30724046	NA	NA
30724047	0	0
30724048	1	1
30724049	1	1
30724050	NA	NA
30724137	0	0
30724157	NA	0
30724158	NA	NA
30724159	NA	NA
30724160	NA	NA
30724161	NA	NA
30724627	1	1
30724992	NA	NA
30724993	1	1
30724994	1	1
30724995	1	1
30724996	0	0
30724997	1	1
30724998	1	1
30724999	NA	NA
30725000	0	0
30725002	1	1
30725003	1	1
30725004	1	1
30725005	0	0
30725006	1	1
30725007	NA	NA
30725008	NA	NA
30725009	NA	1
30725010	1	1
30725011	0	0
30725012	1	1
30725312	NA	NA
30726648	NA	NA
30726649	1	1
30726650	1	1
30726651	1	1
30726652	NA	NA
30726653	NA	1
30726654	1	1
30726655	1	1
30726656	1	1
30726657	0	0
30726658	1	1
30726662	NA	1
30726663	NA	NA
30726664	1	1
30726837	1	1
30726843	1	1
30727702	1	1
30727703	NA	0
30727779	1	1
30727868	0	0
30727869	NA	NA
30727870	NA	NA
30727871	NA	NA
30727872	NA	NA
30727873	NA	0
30727874	NA	NA
30727875	NA	0
30727876	NA	NA
30727877	NA	NA
30727878	NA	NA
30727879	NA	NA
30727892	NA	NA
30728759	NA	NA
30728760	NA	NA
30728768	NA	NA
30728771	NA	NA
30728772	1	1
30728773	1	1
30728781	0	0
30728782	1	1
30728783	NA	NA
30728784	NA	NA
30728785	1	1
30728786	0	0
30728787	0	0
30728788	1	1
30728798	1	1
30728801	1	1
30728802	1	1
30728803	1	1
30728804	1	1
30728807	NA	NA
30728815	NA	NA
30728816	NA	NA
30728817	NA	NA
30728818	NA	NA
30728820	NA	NA
30728821	NA	NA
30728823	NA	NA
30728824	0	0
30728825	1	1
30728826	NA	NA
30728827	NA	NA
30728828	0	0
30728829	1	1
30728830	NA	NA
30728831	NA	NA
30728832	NA	NA
30728850	NA	0
30728948	NA	NA
30728949	NA	NA
30728950	1	1
30728951	1	1
30728952	NA	NA
30729031	NA	0
30729041	1	1
30729046	1	1
30729101	0	0
30729102	0	0
30729104	NA	NA
30729109	NA	0
30729110	1	1
30729117	1	1
30729758	NA	1
30731451	NA	0
30731457	1	1
30731458	NA	NA
30731463	1	1
30731467	1	1
30733640	0	0
30733663	NA	0
30733668	NA	NA
30733677	0	0
30733678	NA	1
30733679	NA	NA
30733680	NA	NA
30733682	NA	0
30733683	1	1
30733684	NA	NA
30733685	1	1
30733686	1	1
30733687	NA	NA
30733688	0	0
30733689	0	0
30733690	NA	NA
30733698	0	0
30733699	1	1
30733704	NA	0
30733709	NA	NA
30733713	NA	NA
30733714	NA	NA
30733722	NA	NA
30733723	NA	0
30733724	NA	NA
30733728	NA	NA
30733729	NA	NA
30733730	1	1
30733889	NA	NA
30733890	1	1
30733939	NA	NA
30733941	NA	NA
30733997	0	0
30733998	1	1
30733999	1	1
30734030	1	1
30734611	NA	NA
30734671	NA	NA
30734672	NA	NA
30734673	NA	NA
30734676	NA	NA
30734677	NA	NA
30734678	1	1
30735070	1	1
30735316	0	0
30735317	1	1
30735318	1	1
30735319	1	1
30735320	1	1
30735321	1	1
30735322	NA	NA
30735323	NA	NA
30735324	NA	NA
30735325	1	1
30735326	1	1
30735327	NA	NA
30735328	1	1
30737755	NA	NA
30737917	1	1
30737918	1	1
30737919	1	1
30737920	1	1
30737921	1	1
30737922	0	0
30737923	1	1
30737924	1	1
30737925	NA	0
30737926	1	1
30737927	1	1
30737928	1	1
30737929	1	1
30737930	1	1
30737931	1	1
30737932	1	1
30737933	1	1
30737934	NA	NA
30737935	1	1
30737936	NA	0
30737937	NA	1
30737938	0	0
30737939	0	0
30737940	NA	1
30737941	0	0
30737942	0	0
30737943	0	0
30737944	1	1
30737945	NA	0
30737946	NA	0
30737947	NA	NA
30737948	NA	1
30737949	1	1
30737950	1	1
30737951	NA	NA
30737952	1	1
30737953	NA	NA
30738418	0	0
30738419	NA	NA
30738420	NA	NA
30738421	NA	NA
30738422	NA	NA
30738423	NA	NA
30738424	1	1
30738425	NA	NA
30739102	1	1
30739109	NA	1
30739117	0	0
30739528	NA	NA
30739891	1	1
30739893	NA	1
30739894	NA	1
30739895	NA	NA
30739896	NA	1
30739897	NA	NA
30739898	NA	0
30739899	NA	NA
30739900	NA	NA
30739901	NA	NA
30739902	NA	NA
30739944	NA	NA
30739965	NA	NA
30739966	NA	NA
30739967	NA	NA
30739975	1	1
30739987	NA	NA
30740001	NA	NA
30740002	NA	NA
30740003	NA	0
30740004	NA	0
30740007	1	1
30740009	NA	0
30740028	NA	NA
30740030	0	0
30740031	NA	NA
30740038	NA	NA
30740041	NA	NA
30740045	NA	NA
30740046	0	0
30740047	NA	NA
30740054	0	0
30740055	NA	NA
30740056	1	1
30740060	NA	NA
30740061	1	1
30740062	1	1
30740063	NA	NA
30740065	1	1
30740066	NA	NA
30740067	1	1
30740068	NA	0
30740079	NA	NA
30740080	1	1
30740081	1	1
30740082	NA	1
30740083	1	1
30740084	NA	NA
30740087	1	1
30740089	NA	NA
30740090	NA	NA
30740091	NA	0
30740108	NA	NA
30740109	NA	0
30740110	NA	0
30740111	NA	NA
30740112	NA	NA
30740113	NA	NA
30740114	NA	NA
30740120	NA	NA
30740121	NA	0
30740122	NA	NA
30740124	NA	NA
30740125	0	0
30740126	NA	0
30740127	0	0
30740140	1	1
30740189	1	1
30740190	0	0
30740192	1	1
30740280	NA	NA
30740286	NA	NA
30740389	NA	NA
30740390	1	1
30740391	1	1
30740392	NA	NA
30740393	NA	NA
30740395	0	0
30740519	1	1
30740521	1	1
30740527	NA	NA
30740531	NA	NA
30740534	1	1
30740535	1	1
30740583	NA	NA
30740584	1	1
30740590	1	1
30740595	NA	NA
30740940	NA	NA
30741045	NA	NA
30741569	0	0
30741703	1	1
30745005	0	0
30745006	0	0
30745408	NA	NA
30745597	NA	NA
30745598	1	1
30745599	NA	NA
30745600	1	1
30745601	0	0
30745602	1	1
30745603	1	1
30745604	NA	NA
30745605	1	1
30745790	1	1
30745792	NA	NA
30745858	NA	1
30745859	1	1
30745861	NA	NA
30745865	1	1
30745868	NA	NA
30745873	NA	NA
30745874	NA	NA
30745883	NA	0
30745884	NA	NA
30745885	1	1
30745890	NA	NA
30745891	NA	NA
30745894	0	0
30745899	NA	NA
30745906	NA	NA
30745908	NA	NA
30745909	1	1
30745910	1	1
30745999	1	1
30746027	NA	NA
30746034	NA	NA
30746281	NA	1
30746282	0	0
30746283	NA	0
30746285	NA	NA
30746358	0	0
30746359	NA	NA
30746365	NA	NA
30747047	NA	NA
30747059	NA	NA
30747064	1	1
30747069	NA	NA
30747071	NA	NA
30755044	NA	0
30755096	NA	0
30755097	1	1
30755098	0	0
30755099	1	1
30755100	1	1
30755139	NA	1
30755332	0	0
30755788	1	1
30755789	NA	NA
30755790	NA	NA
30755972	1	1
30755973	1	1
30755974	1	1
30755975	1	1
30755976	1	1
30755977	1	1
30755978	1	1
30755979	1	1
30755980	NA	NA
30755981	1	1
30755982	1	1
30755983	1	1
30755984	1	1
30755985	1	1
30755986	NA	1
30755987	1	1
30755988	1	1
30755989	0	0
30755990	1	1
30755991	0	0
30755992	1	1
30755993	1	1
30755994	1	1
30755995	1	1
30755996	1	1
30755997	1	1
30755998	0	0
30755999	1	1
30756000	1	1
30756001	1	1
30756002	1	1
30756003	NA	NA
30756004	1	1
30756005	1	1
30756006	1	1
30756007	1	1
30756008	NA	0
30756009	1	1
30756010	1	1
30756011	1	1
30756012	1	1
30756013	NA	1
30756014	1	1
30756015	NA	0
30756016	1	1
30756017	1	1
30756018	1	1
30756019	1	1
30756020	1	1
30756021	1	1
30756022	1	1
30756023	1	1
30756024	1	1
30756025	NA	1
30756026	1	1
30756027	1	1
30756028	1	1
30756029	1	1
30756030	1	1
30756031	1	1
30756032	1	1
30756033	0	0
30756034	1	1
30756035	1	1
30756036	1	1
30756037	1	1
30756038	1	1
30756039	1	1
30756040	1	1
30756041	1	1
30756042	NA	0
30756043	1	1
30756044	0	0
30756045	1	1
30756046	1	1
30756047	1	1
30756048	1	1
30756049	1	1
30756050	1	1
30756051	1	1
30756052	1	1
30756053	0	0
30756054	1	1
30756055	1	1
30756056	1	1
30756057	1	1
30756058	1	1
30756059	1	1
30756060	1	1
30756061	1	1
30756062	1	1
30756063	1	1
30756064	1	1
30756065	1	1
30756066	1	1
30756067	1	1
30756068	0	0
30756069	1	1
30756070	1	1
30756089	1	1
30756091	0	0
30756093	1	0
30756094	0	1
30756095	0	0
30756096	0	0
30757927	NA	0
30757985	NA	0
30759435	1	1
30759990	NA	NA
30760189	1	1
30760190	1	1
30760943	1	1
30760971	1	1
30760972	NA	NA
30760979	NA	NA
30760981	NA	NA
30760986	NA	NA
30760987	NA	0
30760994	NA	NA
30761008	NA	NA
30761009	1	1
30761019	1	1
30761020	0	0
30761026	NA	0
30761027	1	1
30761028	1	1
30761029	0	0
30761030	0	0
30761031	1	1
30761056	1	1
30761057	NA	NA
30761058	1	1
30761059	1	1
30761060	0	0
30761079	1	1
30761092	NA	NA
30761120	NA	NA
30761121	1	1
30761155	NA	NA
30761156	NA	NA
30761157	NA	0
30761158	NA	NA
30761159	NA	0
30761160	1	1
30761161	NA	NA
30761162	0	0
30761177	1	1
30761184	NA	NA
30761186	1	1
30761187	NA	NA
30761188	1	1
30761211	NA	NA
30761275	NA	0
30761280	NA	NA
30761281	NA	NA
30761282	NA	0
30761286	NA	NA
30761287	NA	NA
30761288	NA	NA
30761300	NA	NA
30761308	0	0
30761310	0	0
30761311	0	0
30761314	NA	NA
30761316	NA	NA
30761317	NA	0
30761318	NA	0
30761319	0	0
30761320	NA	NA
30761322	0	0
30761323	1	1
30761324	NA	0
30761325	0	0
30761326	NA	0
30761356	NA	0
30761386	0	0
30761387	1	1
30761388	NA	0
30761958	NA	NA
30761959	NA	NA
30762450	1	1
30763011	1	1
30763012	1	1
30763013	1	1
30763014	1	1
30763015	1	1
30763016	1	1
30763017	0	0
30763018	0	0
30763019	0	0
30763020	NA	0
30763021	0	0
30763022	1	1
30763023	NA	0
30763024	1	1
30763025	1	1
30763485	0	0
30763486	NA	0
30763487	1	1
30763488	1	1
30763489	1	1
30763490	1	1
30763491	NA	NA
30763492	NA	NA
30763493	0	0
30763494	0	0
30763495	NA	NA
30763496	NA	NA
30763497	NA	NA
30763498	NA	NA
30763499	1	1
30763500	NA	0
30763501	1	1
30763502	0	0
30763504	NA	NA
30763505	1	1
30763506	1	1
30763507	1	1
30763508	NA	NA
30763509	0	0
30763937	1	1
30764614	1	1
30764615	1	1
30764616	1	1
30764617	1	1
30764618	1	1
30764619	1	1
30764620	1	1
30764621	0	0
30764622	0	0
30764623	NA	0
30764624	NA	NA
30764625	NA	0
30764662	1	1
30764705	0	0
30766014	0	0
30766017	NA	NA
30766319	1	1
30766320	1	1
30766321	NA	NA
30766450	NA	NA
30766468	NA	NA
30766469	1	1
30766482	NA	NA
30766485	1	1
30766488	NA	0
30766491	0	0
30766494	0	0
30766510	1	1
30766511	NA	NA
30766527	NA	NA
30766528	NA	NA
30766539	NA	NA
30766540	NA	0
30766544	NA	0
30766600	0	0
30766712	1	1
30766713	1	1
30766714	0	0
30766715	1	1
30766716	1	1
30766717	1	1
30766718	1	1
30766719	1	1
30766720	1	1
30766721	0	0
30766722	0	0
30766723	1	1
30766724	1	1
30766759	NA	NA
30766762	1	1
30766861	1	1
30766875	0	0
30766876	NA	0
30766877	NA	NA
30766967	NA	NA
30766968	1	1
30766969	NA	NA
30767450	NA	NA
30767451	NA	0
30767452	NA	NA
30767454	NA	0
30767455	NA	NA
30767456	NA	NA
30767457	NA	NA
30767459	NA	0
30767460	NA	NA
30767463	NA	NA
30767476	NA	1
30767477	NA	NA
30767478	0	0
30767479	NA	0
30767480	NA	0
30767481	1	1
30767482	1	1
30767483	1	1
30767484	1	1
30767485	1	1
30767486	1	1
30767487	1	1
30767488	1	1
30767489	1	1
30767490	0	0
30767733	NA	0
30767735	NA	NA
30767736	NA	NA
30767737	NA	NA
30767743	1	1
30767790	NA	0
30767791	NA	NA
30767793	NA	0
30767794	NA	NA
30767795	NA	NA
30767796	NA	NA
30767797	NA	0
30767798	NA	NA
30767799	NA	NA
30767801	NA	NA
30767802	NA	0
30767804	NA	0
30767805	NA	NA
30767806	NA	0
30767807	NA	NA
30767808	NA	0
30767822	NA	NA
30767823	NA	NA
30767824	NA	NA
30767825	NA	0
30767827	NA	NA
30767831	NA	NA
30767832	NA	NA
30767833	NA	0
30767834	NA	NA
30767836	NA	NA
30767837	NA	NA
30768657	1	1
30768879	NA	NA
30768880	0	0
30768881	NA	0
30768882	NA	NA
30768883	NA	NA
30768884	0	0
30768885	NA	0
30768886	1	1
30768887	1	1
30768888	0	0
30768889	NA	NA
30768890	1	1
30772969	0	0
30772970	1	1
30773994	NA	0
30774045	NA	0
30774153	NA	NA
30774169	NA	0
30774176	NA	0
30774282	0	0
30774296	NA	NA
30774455	NA	0
30774456	0	0
30774457	0	0
30774458	1	1
30774459	NA	NA
30774460	1	1
30774461	NA	0
30774462	NA	NA
30774463	0	0
30774464	NA	NA
30774507	NA	NA
30774508	1	1
30774509	1	1
30774510	1	1
30774511	1	1
30774512	1	1
30774513	1	1
30774514	NA	0
30774515	1	1
30774516	NA	NA
30774517	NA	NA
30774518	NA	0
30774519	1	1
30774520	NA	NA
30774559	NA	NA
30774563	1	1
30774564	NA	0
30774568	NA	0
30774569	NA	1
30774577	1	1
30774585	NA	NA
30774604	NA	0
30774619	NA	NA
30774620	NA	NA
30774636	0	0
30774637	NA	NA
30774644	NA	NA
30774720	NA	NA
30774740	1	1
30774800	1	1
30774801	1	1
30774802	1	1
30774803	1	1
30774804	0	0
30774805	1	1
30774806	1	1
30774807	1	1
30774808	1	1
30774809	1	1
30774810	NA	NA
30774811	NA	0
30774812	NA	NA
30774813	NA	NA
30774814	NA	NA
30774815	NA	NA
30774816	0	0
30774817	0	0
30774818	1	1
30774819	1	1
30774820	1	1
30774821	1	1
30774930	NA	NA
30774972	NA	1
30774973	1	1
30774974	0	0
30774975	0	0
30774976	0	0
30774989	NA	NA
30775161	1	1
30775189	NA	NA
30775286	0	0
30775287	0	0
30775288	NA	NA
30775289	0	0
30775290	0	0
30775291	NA	NA
30775380	NA	NA
30775388	NA	1
30775389	NA	0
30775390	0	0
30775391	NA	0
30775392	0	0
30775393	1	1
30775395	1	1
30775396	1	1
30775397	NA	NA
30775398	0	0
30775407	NA	NA
30775449	0	0
30775450	NA	NA
30775583	1	1
30775584	1	1
30775585	1	1
30775586	1	1
30775587	1	1
30775588	NA	1
30775589	1	1
30775591	1	1
30775593	1	1
30775595	1	1
30775596	1	1
30775598	1	1
30775599	1	1
30775600	1	1
30775601	NA	1
30775602	1	1
30775603	1	1
30775604	1	1
30775605	1	1
30775606	1	1
30775608	1	1
30775609	1	1
30775610	1	1
30775650	NA	NA
30775689	NA	0
30775725	NA	NA
30776199	NA	NA
30776200	1	1
30776201	0	0
30776202	1	1
30776203	1	1
30776204	NA	NA
30776205	1	1
30776206	1	1
30776207	NA	0
30776208	0	0
30776209	NA	NA
30776935	NA	1
30777575	0	0
30777822	NA	1
30777823	0	0
30777824	1	1
30777825	NA	NA
30777826	1	1
30777827	0	0
30777828	1	1
30777829	1	1
30777830	1	1
30777831	1	1
30777832	1	1
30777833	1	1
30777834	1	1
30777835	1	1
30777836	1	1
30777837	NA	1
30778268	NA	NA
30778269	NA	NA
30778280	1	1
30778306	0	0
30778324	1	1
30778325	NA	1
30778331	1	1
30778358	NA	NA
30778359	0	0
30778367	NA	0
30778372	NA	NA
30778373	NA	NA
30778398	1	1
30778402	0	0
30779004	NA	NA
30779005	NA	NA
30779006	NA	NA
30779007	NA	NA
30779008	NA	NA
30779009	NA	NA
30779010	NA	NA
30779011	0	0
30779012	NA	NA
30779013	NA	NA
30779014	NA	NA
30779015	NA	NA
30779016	NA	0
30779017	NA	NA
30779018	NA	NA
30779019	NA	NA
30779020	NA	0
30779603	0	0
30779604	1	1
30779698	NA	NA
30779699	1	1
30779700	1	1
30779701	1	1
30783028	NA	0
30783041	0	0
30783042	NA	NA
30783043	0	0
30783053	1	1
30783060	NA	NA
30783067	NA	NA
30783383	0	0
30783384	NA	NA
30783385	1	1
30783386	1	1
30783387	0	0
30783388	1	1
30783389	1	1
30783390	1	1
30783391	NA	NA
30783392	0	0
30783393	1	1
30783548	1	1
30785354	1	1
30785686	NA	NA
30785687	1	1
30785688	NA	NA
30785689	1	1
30785690	1	1
30785691	1	1
30785692	NA	1
30785693	1	1
30785694	NA	0
30785695	NA	NA
30786657	NA	NA
30786658	NA	NA
30786659	NA	NA
30786660	NA	NA
30786664	NA	0
30786665	NA	0
30786666	1	1
30786667	1	1
30786668	0	0
30786669	NA	NA
30786670	NA	0
30786671	NA	NA
30786672	NA	NA
30786673	NA	0
30786674	NA	NA
30786675	1	1
30786676	NA	1
30786677	NA	NA
30786678	NA	NA
30786679	NA	NA
30786680	NA	NA
30786681	NA	1
30786682	1	1
30786683	1	1
30786684	0	0
30786685	0	0
30786686	1	1
30786687	1	1
30786688	1	1
30786689	NA	NA
30786690	NA	0
30786691	1	1
30786692	1	1
30786693	NA	0
30786694	1	1
30787046	NA	NA
30787047	NA	0
30787048	NA	NA
30787211	0	0
30787212	NA	NA
30787673	0	0
30787674	NA	NA
30787675	NA	NA
30787808	NA	NA
30787809	1	1
30787810	0	0
30787811	1	1
30787812	1	1
30787813	NA	NA
30787814	1	1
30787815	1	1
30787816	1	1
30787821	NA	NA
30787887	NA	1
30788108	1	1
30788109	1	1
30788110	1	1
30788111	NA	NA
30788134	0	0
30788321	0	0
30788322	0	0
30788323	1	1
30788324	1	1
30788325	1	1
30788326	1	1
30788327	NA	NA
30788328	1	1
30788330	0	0
30788331	1	1
30788332	1	1
30788333	NA	NA
30788334	NA	NA
30788374	1	1
30788375	1	1
30788376	1	1
30788377	1	1
30788388	0	0
30788389	0	0
30788447	NA	NA
30788448	0	0
30788449	NA	NA
30788450	NA	NA
30788451	0	0
30788459	1	1
30788460	1	1
30788461	1	1
30788462	1	1
30789104	NA	NA
30789235	1	1
30789236	1	1
30789237	1	1
30789238	1	1
30789239	NA	0
30789240	1	1
30789241	1	1
30789244	1	1
30789245	0	0
30789246	NA	0
30789247	NA	NA
30789248	1	1
30789783	NA	0
30791994	1	1
30791995	NA	1
30792568	NA	NA
30792667	NA	0
30792737	NA	NA
30792741	1	1
30792742	1	1
30792804	1	1
30792805	1	1
30792806	NA	NA
30792825	1	1
30792829	1	1
30792831	NA	NA
30792869	NA	NA
30792908	0	0
30792940	1	0
30792988	1	1
30793070	NA	NA
30793116	NA	NA
30793571	1	1
30793572	1	1
30793573	NA	NA
30793576	0	0
30793578	0	0
30793579	NA	NA
30793875	1	1
30793995	NA	NA
30794012	1	0
30794019	NA	NA
30794056	NA	NA
30794353	1	1
30794354	NA	NA
30794355	NA	NA
30794359	NA	NA
30798775	1	1
30799395	NA	NA
30799402	NA	0
30799419	0	0
30799775	1	1
30799782	NA	NA
30799783	NA	NA
30799785	NA	NA
30799786	NA	NA
30799787	NA	NA
30799886	NA	NA
30799887	NA	NA
30799892	NA	0
30799893	1	1
30799894	1	1
30799895	1	1
30799896	1	1
30799897	1	1
30799898	1	1
30799899	1	1
30799900	1	1
30799901	1	1
30799902	1	1
30799903	1	1
30799906	0	0
30799983	NA	NA
30799984	0	0
30799985	NA	NA
30799986	NA	NA
30799987	1	1
30799988	0	0
30799989	NA	1
30799990	1	1
30799991	1	1
30799992	1	1
30799993	1	1
30799994	1	1
30799995	NA	0
30799996	NA	NA
30799997	NA	NA
30799998	1	1
30800005	1	1
30800006	1	1
30800007	1	1
30800009	1	1
30800010	NA	0
30800011	NA	NA
30800012	0	0
30800079	0	0
30800095	1	1
30800155	NA	NA
30800189	0	0
30800190	1	1
30800191	0	0
30800192	1	1
30800193	1	1
30800194	0	0
30800195	1	1
30800196	1	1
30800198	0	0
30800199	1	1
30800200	1	1
30800201	1	1
30800202	NA	NA
30800203	0	0
30800204	0	0
30800227	1	1
30800228	1	1
30800229	NA	0
30800230	1	1
30800231	0	0
30800232	1	1
30800234	1	1
30800235	1	1
30800236	1	1
30800285	0	0
30800286	1	1
30800287	1	1
30800288	1	1
30800557	NA	NA
30801048	1	1
30803325	NA	1
30803340	NA	NA
30803341	NA	NA
30804684	1	1
30804733	1	1
30804767	0	0
30804791	NA	NA
30804792	NA	NA
30804812	NA	NA
30804813	1	1
30804822	0	0
30804823	0	0
30804865	0	0
30804866	1	1
30804867	1	1
30804888	NA	NA
30804923	0	0
30804949	NA	NA
30804950	1	1
30805065	1	1
30805215	1	1
30805276	1	1
30805300	NA	NA
30805301	NA	NA
30805311	NA	0
30805316	1	1
30805328	NA	NA
30805558	NA	NA
30806137	1	1
30806212	NA	NA
30806213	0	0
30806214	NA	NA
30806215	NA	NA
30806216	NA	0
30806217	0	0
30806227	NA	NA
30806228	NA	NA
30806229	NA	NA
30806230	NA	NA
30806231	NA	NA
30806232	NA	NA
30806233	NA	NA
30806234	NA	NA
30806235	NA	NA
30806236	NA	NA
30806237	NA	NA
30806238	NA	NA
30806239	NA	NA
30806240	NA	NA
30806241	NA	NA
30806242	NA	NA
30806243	NA	NA
30806244	NA	NA
30806245	NA	0
30806246	NA	0
30806247	NA	0
30806248	0	0
30806249	NA	NA
30806250	NA	NA
30806260	NA	NA
30806261	NA	0
30806262	NA	NA
30806263	NA	NA
30806264	NA	0
30806265	NA	NA
30806266	NA	NA
30806267	NA	NA
30806268	NA	NA
30806269	NA	NA
30806270	NA	0
30806271	NA	NA
30806272	NA	1
30806273	1	1
30806274	NA	NA
30806275	1	1
30806276	1	1
30806277	NA	1
30806278	NA	NA
30806279	0	0
30806280	NA	0
30806281	NA	NA
30806282	1	1
30806283	NA	0
30806284	NA	0
30806294	NA	NA
30806295	NA	NA
30806296	NA	NA
30806297	NA	NA
30806298	NA	NA
30806299	NA	NA
30806300	NA	NA
30806301	NA	NA
30806302	NA	0
30806304	NA	NA
30806305	NA	1
30806306	NA	NA
30807617	0	0
30807619	NA	0
30807620	NA	0
30808161	1	1
30808825	1	1
30808866	1	1
30809198	0	0
30809233	0	0
30809253	NA	NA
30809324	NA	NA
30809417	1	1
30809591	0	0
30809592	NA	NA
30809752	1	1
30809753	1	1
30809882	1	1
30809998	1	1
30809999	1	1
30810000	1	1
30810003	NA	NA
30810004	NA	NA
30810005	1	1
30810009	1	1
30810010	1	1
30810011	0	0
30810013	NA	NA
30810493	NA	NA
30810859	NA	0
30810860	NA	NA
30810861	NA	NA
30810862	NA	0
30810863	NA	NA
30810864	NA	0
30814370	NA	0
30814473	1	1
30814865	NA	NA
30814866	NA	NA
30814867	NA	NA
30814868	NA	NA
30814869	NA	NA
30814870	NA	NA
30814871	NA	NA
30814872	NA	NA
30814873	NA	NA
30814874	NA	NA
30814875	NA	NA
30814876	NA	NA
30814877	NA	NA
30814878	NA	NA
30814879	NA	NA
30814880	NA	NA
30814881	NA	NA
30814882	0	0
30814883	NA	NA
30814884	NA	NA
30814885	NA	NA
30814886	NA	NA
30814887	NA	NA
30814888	NA	NA
30814889	NA	NA
30814890	NA	0
30814891	NA	NA
30814892	0	0
30814893	NA	NA
30814894	NA	NA
30814895	NA	NA
30814896	NA	NA
30814897	NA	NA
30814898	NA	NA
30814899	NA	NA
30814923	NA	NA
30814952	NA	NA
30815042	NA	NA
30815051	NA	NA
30815052	0	0
30815053	1	1
30815054	1	1
30815055	NA	NA
30815056	1	1
30815057	NA	NA
30815058	NA	NA
30815059	NA	NA
30815060	1	1
30815061	NA	NA
30815062	NA	0
30815063	NA	1
30815064	NA	NA
30815065	NA	1
30815066	NA	NA
30815067	NA	NA
30815068	1	1
30815069	1	1
30815070	NA	NA
30815071	NA	0
30815072	NA	NA
30815073	0	0
30815074	NA	0
30815075	NA	NA
30815076	NA	1
30815077	NA	NA
30815078	NA	NA
30815079	NA	0
30815080	0	0
30815081	0	0
30815082	NA	NA
30815083	0	0
30815084	NA	NA
30815085	NA	NA
30815086	1	1
30815087	NA	NA
30815088	NA	NA
30815089	NA	NA
30815090	NA	0
30815091	NA	NA
30815092	NA	0
30815093	0	0
30815094	1	1
30815095	0	0
30815096	NA	NA
30815097	NA	NA
30815098	NA	0
30815099	NA	NA
30815100	0	0
30815101	NA	0
30815102	NA	NA
30815103	NA	NA
30815104	NA	NA
30815105	NA	NA
30815106	NA	NA
30815107	0	0
30815108	NA	NA
30815109	0	0
30815110	NA	NA
30815111	NA	NA
30815112	NA	NA
30815113	0	0
30815114	0	0
30815115	0	0
30815116	0	0
30815117	NA	NA
30815118	NA	NA
30815119	NA	NA
30815120	NA	NA
30815121	NA	NA
30815122	NA	NA
30815123	0	0
30815124	NA	0
30815125	0	0
30815126	NA	NA
30815127	NA	1
30815128	NA	0
30815129	1	1
30815130	NA	NA
30815131	NA	NA
30815132	0	0
30815133	1	1
30815134	1	1
30815135	NA	0
30815136	NA	0
30815137	NA	NA
30815138	1	1
30815139	0	0
30815140	1	1
30815141	NA	NA
30815142	1	1
30815143	1	1
30815144	NA	NA
30815145	NA	NA
30815146	NA	NA
30815147	NA	NA
30815148	0	0
30815149	0	0
30815150	0	0
30815151	NA	0
30815152	0	0
30815153	NA	0
30815154	NA	0
30815155	NA	NA
30815156	NA	1
30815157	NA	0
30815158	NA	NA
30815159	NA	NA
30815160	NA	NA
30815161	NA	NA
30815162	1	1
30815163	1	1
30815164	NA	0
30815165	NA	NA
30815166	NA	NA
30815167	1	1
30815168	1	1
30815169	1	1
30815170	NA	1
30815171	1	1
30815172	NA	0
30815173	0	0
30815174	NA	NA
30815175	NA	NA
30815176	1	1
30815177	NA	NA
30815178	NA	NA
30815179	NA	0
30815180	NA	NA
30815181	NA	NA
30815182	NA	NA
30815183	0	0
30815184	0	0
30815185	NA	NA
30815186	NA	NA
30815187	0	0
30815188	0	0
30815189	NA	0
30815190	NA	NA
30815191	0	0
30815192	1	0
30815193	NA	NA
30815194	NA	NA
30815195	1	1
30815196	0	0
30815197	NA	NA
30815198	0	0
30815199	NA	NA
30815200	NA	NA
30815201	0	0
30815202	NA	0
30815203	NA	NA
30815204	NA	0
30815205	1	1
30815206	NA	NA
30815207	NA	NA
30815249	NA	NA
30815250	NA	NA
30815251	1	1
30815252	NA	NA
30815398	0	0
30815399	1	1
30815400	1	1
30815401	NA	NA
30815402	1	1
30815403	1	1
30815404	1	1
30815405	NA	0
30815406	1	1
30815407	1	1
30815408	1	1
30815409	0	0
30815410	1	1
30815411	NA	NA
30815412	0	0
30815413	1	1
30815414	1	1
30815415	0	0
30815416	0	0
30815417	NA	NA
30815418	1	1
30815419	1	1
30815420	0	0
30815421	0	0
30815422	0	0
30815423	NA	NA
30815424	1	1
30815425	NA	NA
30815426	1	1
30815427	NA	NA
30815428	1	1
30815429	1	1
30815430	NA	1
30815537	1	1
30815629	NA	0
30815630	1	1
30815631	1	1
30815632	1	1
30815633	1	1
30815634	1	1
30815636	NA	1
30815637	NA	NA
30820007	NA	NA
30820008	1	1
30820009	1	1
30820010	NA	NA
30820017	NA	NA
30820138	0	0
30820139	0	0
30820312	NA	NA
30820313	1	1
30821199	NA	NA
30821637	1	1
30822195	NA	NA
30827230	NA	NA
30828420	1	1
30828421	NA	NA
30828426	1	1
30828428	0	0
30828643	NA	1
30828645	1	1
30828646	NA	0
30828706	NA	NA
30829087	0	0
30833899	NA	NA
30833924	1	1
30834070	1	1
30834096	NA	NA
30834146	1	1
30834244	NA	NA
30834249	NA	0
30834250	NA	NA
30836354	1	1
30836355	1	1
30836359	0	0
30836360	1	1
30836365	1	1
30836922	NA	NA
30838004	NA	NA
30839514	NA	NA
30839515	NA	NA
30839516	NA	NA
30839517	NA	NA
30839518	NA	0
30839519	NA	NA
30839520	NA	NA
30839521	NA	NA
30839522	NA	0
30839523	NA	NA
30839525	NA	NA
30839526	NA	NA
30839527	NA	NA
30839528	NA	NA
30839530	NA	NA
30839531	NA	NA
30839532	NA	0
30839533	NA	NA
30839534	1	1
30839535	NA	NA
30839536	NA	NA
30839537	NA	NA
30839538	NA	NA
30839539	NA	0
30839541	NA	NA
30839542	NA	NA
30839543	NA	NA
30839544	NA	0
30839545	NA	NA
30839546	NA	NA
30839547	NA	NA
30839548	NA	NA
30839549	NA	NA
30839550	NA	NA
30839556	NA	NA
30839563	NA	NA
30839569	NA	NA
30839572	NA	NA
30839573	NA	NA
30839577	NA	NA
30839583	NA	NA
30839584	NA	NA
30839585	NA	NA
30839586	NA	NA
30839587	NA	NA
30839588	NA	NA
30839589	NA	NA
30839590	NA	NA
30839591	NA	NA
30839592	NA	NA
30839594	NA	NA
30839595	NA	NA
30839596	NA	0
30839598	NA	NA
30839599	NA	NA
30839600	NA	NA
30839601	0	0
30839603	NA	NA
30839604	NA	NA
30839605	NA	NA
30839606	NA	NA
30839607	NA	NA
30839609	NA	NA
30839611	NA	NA
30839612	NA	NA
30839613	NA	NA
30839614	NA	NA
30839617	NA	NA
30839618	NA	NA
30839622	NA	NA
30839623	NA	NA
30839624	NA	NA
30839627	NA	NA
30839628	NA	NA
30839629	NA	NA
30839630	NA	NA
30839632	NA	NA
30839633	NA	NA
30839636	NA	NA
30839638	NA	NA
30839640	NA	NA
30839641	NA	NA
30839859	1	1
30839863	0	0
30839882	NA	NA
30839884	NA	0
30839888	NA	NA
30839899	NA	NA
30839905	NA	NA
30839908	1	1
30839910	NA	NA
30839911	NA	NA
30839912	0	0
30839913	NA	1
30839915	NA	0
30839918	0	0
30839920	NA	NA
30839921	0	0
30839922	0	0
30839926	0	0
30839927	0	0
30839928	NA	0
30839930	0	0
30839933	NA	0
30839936	0	0
30839938	NA	NA
30839942	NA	NA
30839944	NA	0
30839947	0	0
30840951	0	0
30840955	1	1
30840966	NA	NA
30840967	1	1
30840968	NA	NA
30842792	NA	NA
30843473	1	1
30843490	1	1
30844788	NA	NA
30844797	NA	NA
30844801	0	0
30844819	0	0
30846963	NA	NA
30847040	NA	0
30847393	1	1
30848186	NA	1
30848187	NA	0
30848188	NA	0
30849251	NA	0
30849252	1	1
30849254	0	0
30850434	NA	NA
30850435	0	0
30852569	1	1
30852573	NA	NA
30853955	NA	NA
30854020	NA	NA
30854189	0	0
30854331	NA	NA
30854345	1	1
30854346	NA	0
30854464	NA	NA
30854470	NA	0
30854471	1	1
30854950	NA	0
30854951	NA	NA
30856134	1	1
30856135	1	1
30856138	1	1
30856139	1	1
30858905	0	0
30858906	1	1
30858907	0	0
30858908	NA	1
30858909	0	0
30858910	NA	1
30858911	NA	1
30858912	NA	1
30858913	NA	1
30858914	0	0
30858915	NA	1
30858916	0	0
30858917	0	0
30858918	NA	1
30858919	NA	0
30858920	0	0
30859156	1	1
30859157	1	1
30859158	1	1
30859159	1	1
30859160	1	1
30859161	1	1
30859162	1	1
30859163	1	1
30859164	1	1
30859166	1	1
30859167	0	0
30859168	0	0
30859169	1	1
30859170	1	1
30859171	NA	0
30861512	1	1
30861513	NA	NA
30863312	NA	0
30863532	1	1
30863543	NA	NA
30863544	NA	NA
30863662	1	1
30863664	0	0
30863665	1	1
30863666	1	1
30863667	1	1
30863668	NA	NA
30865946	0	0
30865952	NA	NA
30867852	NA	NA
30868066	1	1
30870852	NA	NA
30872937	NA	NA
30872938	NA	NA
30872939	NA	NA
30878996	NA	NA
30879002	NA	NA
30879007	0	0
30879015	NA	NA
30880954	NA	0
30880955	NA	NA
30880956	NA	NA
30880957	NA	NA
30880958	NA	NA
30881370	NA	NA
30881371	NA	NA
30881485	NA	NA
30881689	NA	0
30881690	NA	NA
30884485	NA	NA
30886054	NA	NA
30886056	NA	NA
30886730	0	0
30886731	NA	0
30886760	NA	0
30886896	1	1
30886954	0	0
30886955	0	1
30886956	NA	0
30886957	1	1
30886958	1	1
30886959	1	1
30886960	0	0
30886961	0	0
30886962	1	1
30886963	1	1
30886964	1	1
30886965	1	1
30886966	1	1
30886967	1	1
30886968	1	1
30886969	1	1
30886970	1	1
30886971	1	1
30886972	1	1
30886973	NA	NA
30886974	1	1
30886975	1	1
30886976	1	1
30886977	NA	1
30886978	NA	0
30886979	1	1
30886980	0	0
30886981	1	1
30886982	0	0
30886983	NA	NA
30886984	1	1
30886985	1	1
30886986	1	1
30886987	1	1
30886988	1	1
30889573	NA	NA
30889595	0	0
30890580	NA	NA
30890874	1	1
30890895	NA	0
30890943	0	0
30890963	NA	NA
30891243	1	1
30893701	NA	0
30893702	1	1
30893703	1	1
30894811	1	1
30894873	NA	NA
30895244	1	1
30895245	0	0
30895246	NA	NA
30895247	1	1
30895248	NA	NA
30895249	0	0
30895250	1	1
30895251	NA	0
30895252	1	1
30895253	1	1
30895254	1	1
30895255	1	1
30895256	1	1
30895257	1	1
30895258	0	0
30895259	1	1
30895260	1	1
30895261	NA	0
30895262	1	1
30895263	1	1
30897586	NA	NA
30897587	1	1
30899556	NA	0
30904912	NA	1
30906523	0	0
30906524	NA	NA
30906525	NA	NA
30906526	0	0
30906527	0	0
30906594	1	1
30909281	NA	0
30911223	NA	NA
30911538	NA	NA
30911555	1	1
30911687	1	1
30914959	NA	0
30917376	NA	0
30917763	NA	NA
30918535	1	1
30918536	1	1
30918537	1	1
30918538	1	1
30918541	0	0
30918542	1	1
30918543	NA	1
30918544	1	1
30918545	1	1
30918546	1	1
30918547	1	1
30918548	0	0
30918549	NA	NA
30918550	1	1
30918551	NA	1
30918552	1	1
30918553	1	1
30918554	1	1
30918555	0	0
30918556	0	0
30918557	1	1
30918558	NA	NA
30918559	1	1
30918560	1	1
30918561	1	1
30918562	1	1
30918563	NA	0
30918564	1	1
30918565	0	0
30918566	0	0
30918567	0	0
30918569	1	1
30918570	1	1
30918571	1	1
30918572	0	0
30918573	1	1
30918574	1	1
30918575	1	1
30918576	1	1
30918627	1	1
30918628	0	0
30921798	NA	NA
30923593	1	1
30923594	1	1
30923595	1	1
30923600	1	1
30923602	1	1
30923605	1	1
30928972	1	1
30928974	1	1
30928984	1	1
30929546	NA	NA
30930621	NA	NA
30930622	NA	NA
30930623	NA	NA
30930624	NA	NA
30930625	NA	NA
30930626	NA	NA
30930627	NA	0
30930628	NA	NA
30930629	NA	0
30931086	NA	NA
30936392	NA	0
30936393	NA	NA
30938575	NA	NA
30941047	NA	NA
30941332	1	1
30943507	NA	NA
30947192	0	0
30947224	NA	NA
30948452	NA	NA
30956992	1	1
30959502	0	0
30965327	1	1
30965335	1	1
30965345	1	1
30967746	NA	NA
30967879	NA	NA
30972122	1	1
30972123	1	1
30972125	1	1
30972126	1	1
30972127	1	1
30972129	1	1
30972130	1	1
30972131	0	0
30972132	1	1
30977440	NA	NA
30983864	NA	0
30983865	NA	NA
30983866	NA	NA
30983867	NA	NA
30983868	NA	NA
30983869	NA	0
30983870	NA	NA
30983871	NA	NA
30983872	NA	NA
30984369	NA	NA
30984370	NA	NA
30984371	NA	0
30988828	1	1
30988829	1	1
30990265	0	0
30990266	1	1
30990267	0	0
30990268	1	1
30990269	1	1
30990270	0	0
30990271	NA	NA
30990272	1	1
30990273	1	1
30990274	NA	NA
30990275	NA	NA
30990276	0	0
30990277	0	0
30990278	1	1
30990279	NA	NA
30991389	NA	NA
30992684	NA	NA
30993249	NA	NA
30995639	NA	NA
30997032	NA	NA
30997156	0	0
30999302	1	1
31001148	1	1
31001364	NA	NA
31001365	NA	NA
31001410	1	1
31001411	NA	NA
31001412	NA	NA
31001413	1	1
31001414	NA	NA
31007808	NA	0
31007809	1	1
31007810	1	1
31007811	1	1
31007812	0	0
31007813	0	0
31007814	1	1
31007815	NA	1
31007816	1	1
31007817	1	1
31007818	1	1
31007819	1	1
31007820	1	1
31007821	1	1
31007822	1	1
31007823	1	1
31007824	1	1
31007825	0	0
31007828	1	1
31011383	1	1
31011386	1	1
31011387	1	1
31011388	0	0
31011389	1	1
31011390	NA	NA
31011391	0	0
31011392	1	1
31011393	1	1
31011394	1	1
31011396	1	1
31011397	1	1
31011398	1	1
31011399	1	1
31011400	1	1
31015281	NA	NA
31015866	0	0
31016009	NA	NA
31016010	0	0
31018203	1	1
31019648	1	1
31019657	0	0
31020048	0	0
31022716	NA	1
31023828	NA	NA
31024863	NA	NA
31024864	1	1
31024865	0	0
31031963	NA	0
31031964	1	1
31037161	1	1
31037162	1	1
31037163	1	1
31037164	1	1
31037165	1	1
31037166	1	1
31037167	NA	NA
31037168	0	0
31037169	1	1
31037171	1	1
31037172	1	1
31037173	1	1
31037174	1	1
31037175	1	1
31037176	1	1
31037177	1	1
31037178	1	1
31037179	1	1
31037180	1	1
31037181	1	1
31037182	1	1
31037183	1	1
31037184	1	1
31037185	1	1
31037186	0	0
31037187	1	1
31037188	1	1
31037189	NA	NA
31037190	0	0
31037191	1	1
31037192	0	0
31037193	1	1
31037194	1	1
31037196	1	1
31037197	1	1
31037198	1	1
31037199	0	0
31037200	1	1
31037202	NA	0
31037203	0	0
31037204	1	1
31037205	1	1
31037206	1	1
31037207	1	1
31037208	1	1
31037209	1	1
31037210	1	1
31048588	1	1
31049244	0	0
31055578	0	0
31057893	NA	NA
31057894	NA	NA
31057895	NA	NA
31057896	NA	NA
31057897	NA	0
31057898	NA	NA
31057899	NA	NA
31057900	NA	NA
31057901	NA	0
31057902	NA	NA
31057903	NA	NA
31057904	NA	NA
31057905	NA	NA
31057906	NA	NA
31057907	NA	NA
31057908	NA	NA
31057909	NA	NA
31057910	NA	NA
31057911	NA	NA
31057912	NA	NA
31057913	NA	NA
31057914	NA	NA
31057915	NA	NA
31057916	NA	NA
31057917	NA	NA
31057918	NA	NA
31057919	NA	NA
31057920	NA	NA
31057921	NA	0
31057922	NA	NA
31057923	NA	NA
31057924	NA	NA
31057925	NA	NA
31057926	NA	NA
31057927	NA	NA
31057984	NA	NA
31058271	NA	0
31058277	NA	NA
31061673	NA	0
31061677	1	1
31063162	NA	NA
31064002	1	1
31065313	1	1
31065314	1	1
31065315	1	1
31065316	1	1
31065317	0	0
31065318	1	1
31065319	1	1
31065320	1	1
31065321	1	1
31065323	NA	1
31065324	1	1
31065327	1	1
31065328	0	0
31065329	1	1
31067533	NA	NA
31067544	0	0
31068752	NA	0
31068764	NA	NA
31068995	0	0
31069049	1	1
31069050	NA	NA
31069258	1	1
31071714	NA	NA
31079095	0	0
31079096	0	0
31082816	NA	NA
31085910	NA	NA
31085911	NA	NA
31086612	1	1
31086613	0	0
31086614	1	1
31086615	1	1
31086616	1	1
31086617	1	1
31086618	1	1
31086619	1	1
31086620	1	1
31086621	1	1
31086622	1	1
31086623	1	1
31086624	1	1
31086625	0	0
31086626	1	1
31086627	1	1
31086628	1	1
31086629	1	1
31086630	1	1
31086631	1	1
31086632	1	1
31086633	1	1
31086634	1	1
31086635	1	1
31086636	1	1
31086637	1	1
31086638	1	1
31086639	1	1
31086640	1	1
31086641	1	1
31086642	1	1
31086643	1	1
31093034	NA	NA
31093035	NA	NA
31093037	NA	NA
31093040	NA	0
31093048	NA	NA
31093049	0	0
31093050	1	1
31093052	0	0
31093053	NA	NA
31093054	0	0
31093056	1	1
31093057	NA	NA
31093059	NA	NA
31093060	NA	NA
31093061	NA	NA
31093062	NA	0
31093063	NA	0
31093064	NA	0
31093069	NA	1
31093073	NA	0
31093074	NA	NA
31093075	1	1
31093077	NA	NA
31093078	1	1
31093079	NA	NA
31093080	1	1
31093081	NA	NA
31093082	NA	0
31093083	NA	1
31093084	1	1
31093085	1	1
31093086	NA	NA
31093088	NA	0
31093089	1	1
31093090	NA	NA
31093093	NA	NA
31093094	NA	NA
31093095	0	0
31093096	1	1
31093097	1	1
31093099	NA	NA
31093100	0	0
31093101	1	1
31093102	NA	NA
31093103	0	0
31093104	1	1
31093105	NA	0
31093106	NA	NA
31093107	NA	0
31093109	NA	NA
31093110	NA	NA
31093111	NA	NA
31093112	NA	NA
31093113	NA	NA
31093114	NA	NA
31093115	1	1
31093116	1	1
31093117	NA	NA
31093119	NA	1
31093120	0	0
31093121	1	1
31093123	1	1
31093124	1	1
31093126	1	1
31093127	1	1
31093128	1	1
31093129	NA	1
31093130	1	1
31093131	NA	0
31093132	NA	NA
31093133	NA	1
31093134	0	0
31093139	0	0
31093140	1	1
31093141	1	1
31093142	0	0
31093143	NA	0
31093144	0	0
31093146	1	1
31093147	0	0
31093148	1	1
31093150	1	1
31093151	1	1
31093152	1	1
31093153	NA	0
31093154	NA	NA
31093155	1	1
31093156	1	1
31093157	0	0
31093158	NA	NA
31093159	NA	NA
31093160	0	0
31093161	NA	NA
31093162	1	1
31093163	NA	NA
31093164	0	0
31093165	NA	0
31093166	1	1
31093167	1	1
31093169	0	0
31093170	NA	NA
31093171	0	0
31093172	0	0
31093174	NA	NA
31093175	NA	NA
31093176	0	0
31093177	NA	NA
31093178	1	1
31093179	0	0
31093180	NA	0
31093181	NA	NA
31093182	1	1
31093183	1	1
31093184	NA	NA
31093185	0	0
31093186	1	1
31093187	NA	NA
31093188	1	1
31093189	NA	NA
31093190	NA	NA
31093191	NA	NA
31093192	1	1
31093193	0	0
31093194	1	1
31093195	1	1
31093196	NA	NA
31093197	1	1
31093198	NA	NA
31093199	1	1
31093200	1	1
31093202	NA	0
31093203	1	1
31093204	NA	NA
31093205	NA	NA
31093206	NA	NA
31093207	1	1
31093208	NA	0
31093209	1	1
31093210	NA	NA
31093211	0	0
31093212	NA	0
31093213	NA	NA
31093214	NA	0
31093215	NA	0
31093216	1	1
31093217	1	1
31093218	NA	NA
31093219	NA	0
31093220	NA	0
31093221	NA	NA
31093222	0	0
31093224	NA	NA
31093355	1	1
31093356	NA	NA
31093357	1	1
31093358	1	1
31093359	1	1
31093360	0	0
31093361	NA	NA
31093362	1	1
31093363	1	1
31093364	0	0
31093365	NA	1
31093556	1	1
31093557	NA	NA
31093558	NA	0
31093559	NA	NA
31093560	0	0
31093561	NA	0
31093562	1	1
31093563	NA	NA
31093564	0	0
31093565	NA	NA
31093566	0	0
31093567	1	1
31093568	0	0
31093569	0	0
31093570	NA	NA
31097615	NA	NA
31105907	NA	NA
31105932	NA	NA
31114674	1	1
31117103	0	0
31119028	NA	0
31121578	NA	NA
31121585	0	0
31129669	1	1
31131079	NA	0
31131084	NA	0
31131085	0	0
31131366	NA	NA
31131367	NA	NA
31131368	NA	NA
31132756	0	0
31141813	0	0
31143842	0	0
31162489	NA	NA
31162490	NA	NA
31163416	0	0
31163445	1	1
31167199	1	1
31167204	NA	0
31167214	NA	NA
31168419	NA	0
31172050	1	1
31186344	NA	1
31189173	NA	NA
31191708	NA	NA
31191929	NA	NA
31191934	1	1
31191936	1	1
31191937	NA	0
31191938	NA	NA
31191939	NA	0
31191940	1	1
31191941	0	0
31191942	1	1
31191943	1	1
31191944	1	1
31191945	NA	0
31191946	0	0
31191947	1	1
31191948	1	1
31191949	NA	NA
31191950	NA	0
31191951	NA	0
31191952	0	0
31191953	NA	NA
31191954	1	1
31191955	NA	NA
31191956	NA	1
31191957	1	1
31191958	1	1
31191959	NA	NA
31191960	NA	NA
31203288	1	1
31205932	NA	0
31206035	1	1
31214328	1	1
31214346	NA	NA
31215903	1	1
31215905	NA	0
31223202	NA	NA
31223203	NA	NA
31223204	NA	NA
31223205	NA	NA
31223206	0	0
31223207	NA	NA
31223208	NA	NA
31223209	NA	NA
31223210	NA	NA
31223211	NA	NA
31223212	NA	NA
31223213	NA	NA
31223214	NA	NA
31223215	NA	NA
31223216	NA	NA
31223217	NA	NA
31223218	NA	NA
31223219	NA	NA
31223661	1	1
31230045	NA	NA
31231482	1	1
31231505	1	1
31231506	NA	NA
31234170	NA	NA
31234173	NA	NA
31234179	1	1
31236015	NA	NA
31236016	NA	NA
31236017	NA	NA
31236018	NA	NA
31236019	NA	NA
31236020	NA	NA
31236021	NA	NA
31236022	NA	NA
31236023	NA	NA
31236024	NA	NA
31236025	NA	NA
31236026	NA	NA
31236027	NA	0
31236028	NA	0
31236029	NA	NA
31236030	NA	NA
31236031	NA	NA
31236033	NA	NA
31236034	NA	NA
31236035	0	0
31236036	NA	NA
31236037	0	0
31240097	NA	NA
31240100	NA	NA
31249668	0	0
31249669	1	1
31249671	NA	NA
31270145	NA	NA
31275556	1	1
31275557	NA	0
31281631	1	1
31281635	NA	0
31284287	NA	0
31288229	NA	NA
31289139	NA	NA
31293346	NA	NA
31294222	NA	NA
31294223	NA	NA
31294224	NA	NA
31294225	NA	NA
31294226	NA	0
31294227	NA	NA
31294228	NA	NA
31294229	NA	NA
31294230	NA	NA
31294231	NA	NA
31294232	NA	0
31294234	NA	NA
31294235	NA	NA
31294236	NA	NA
31294237	NA	NA
31294238	NA	NA
31294239	NA	0
31294240	NA	NA
31294241	NA	NA
31294242	NA	NA
31294417	1	1
31297243	NA	NA
31302657	0	0
31304260	NA	0
31304263	NA	NA
31304264	NA	NA
31304265	NA	0
31304266	NA	NA
31304268	NA	NA
31304269	NA	NA
31304270	NA	NA
31304271	NA	NA
31304272	NA	NA
31304286	1	1
31304303	1	1
31304304	1	1
31304305	1	1
31304306	1	1
31304307	1	1
31304308	NA	NA
31304309	1	1
31304310	NA	NA
31304311	1	1
31304312	0	0
31304313	1	1
31304314	1	1
31304315	NA	0
31304316	1	1
31304317	1	1
31304318	NA	0
31304319	NA	1
31304320	1	1
31304322	1	1
31304323	0	0
31304324	NA	0
31304325	1	1
31304326	NA	NA
31304327	NA	NA
31304328	NA	0
31304329	1	1
31304330	1	1
31304331	0	0
31304332	NA	NA
31304333	NA	NA
31304334	0	0
31304337	NA	NA
31304338	NA	0
31304339	NA	NA
31304340	NA	NA
31304341	1	1
31304342	0	0
31304343	1	1
31304344	1	1
31305585	NA	NA
31305587	NA	0
31305589	NA	1
31308947	NA	NA
31315115	NA	0
31316748	NA	NA
31316749	NA	NA
31316750	0	0
31319411	1	1
31326966	1	1
31329737	NA	NA
31329771	0	0
31329772	NA	0
31329773	NA	0
31329774	NA	0
31329775	0	0
31329776	NA	0
31329777	NA	NA
31329778	NA	0
31329779	NA	NA
31329781	NA	0
31329799	NA	NA
31329811	NA	0
31340210	0	0
31346384	1	1
31346385	1	1
31346387	NA	NA
31346388	NA	NA
31346389	1	1
31346390	NA	NA
31346391	NA	1
31346392	NA	NA
31346393	1	1
31354935	1	1
31354936	0	0
31354968	0	0
31357195	NA	NA
31358660	NA	NA
31360093	0	0
31360094	0	0
31363407	NA	NA
31363713	NA	NA
31363714	NA	0
31372207	1	1
31372208	NA	NA
31372209	NA	0
31372210	1	1
31372211	NA	0
31382258	NA	NA
31431822	1	1
31431966	1	1
31431969	1	1
31431971	1	1
31431972	1	1
31431973	NA	0
31431975	NA	0
31431976	1	1
31431978	0	0
31431979	1	1
31431980	1	1
31431981	1	1
31431982	NA	0
31435151	NA	NA
31435520	0	0
31435521	NA	NA
31435522	NA	NA
31436260	NA	0
31440675	1	1
31447962	1	1
31447965	1	1
31447967	1	1
31447968	NA	NA
31447969	NA	1
31447970	1	1
31447971	1	1
31447972	0	0
31447973	1	1
31447974	1	1
31447975	1	1
31447976	1	1
31447977	1	1
31447978	1	1
31447979	1	1
31447980	1	1
31447981	1	1
31447982	1	1
31447983	1	1
31447984	NA	NA
31447985	0	0
31447986	1	1
31447987	1	1
31447988	1	1
31447989	1	1
31447990	1	1
31447992	1	1
31447993	1	1
31447994	1	1
31447995	1	1
31447996	1	1
31447998	1	1
31447999	1	1
31448001	1	1
31448002	1	1
31448003	1	1
31448004	1	1
31448005	NA	NA
31448006	1	1
31448007	0	0
31448078	NA	NA
31452827	1	1
31452828	1	1
31452829	1	1
31452830	1	1
31453245	NA	NA
31453246	NA	NA
31453247	NA	NA
31453248	NA	0
31453249	0	0
31453250	NA	NA
31453251	NA	NA
31453252	NA	NA
31453253	NA	NA
31453255	NA	NA
31453256	NA	NA
31462956	NA	NA
31463076	NA	NA
31463077	1	1
31489176	NA	NA
31489177	NA	NA
31489178	NA	NA
31497184	1	1
31516434	1	1
31516435	1	1
31516436	NA	0
31516437	1	1
31516438	1	0
31516439	1	1
31516440	1	1
31516441	1	1
31516442	1	1
31516443	1	1
31516444	NA	NA
31516445	1	1
31516446	1	1
31516447	NA	NA
31516448	1	1
31516449	0	0
31516450	1	1
31516451	1	1
31516452	1	1
31516453	1	1
31516454	1	1
31516455	1	1
31516456	1	1
31516457	1	1
31516458	0	0
31516459	1	1
31516460	1	1
31516461	1	1
31516462	1	1
31516463	1	1
31516464	1	1
31516465	1	1
31516466	1	1
31516467	1	1
31516468	1	1
31516469	1	1
31516470	1	1
31516471	1	1
31543947	0	0
31543948	1	1
31549022	NA	NA
31549023	NA	NA
31549024	NA	NA
31549025	NA	NA
31549026	NA	NA
31549027	NA	NA
31549028	NA	0
31549029	NA	NA
31549030	NA	NA
31549031	NA	NA
31549032	NA	NA
31549033	NA	0
31549034	NA	NA
31549035	NA	NA
31549036	NA	NA
31549037	NA	NA
31549038	NA	NA
31549039	NA	NA
31549040	NA	0
31559353	0	0
31559354	1	1
31559355	0	0
31559356	1	1
31559357	1	1
31559358	1	1
31559359	1	1
31559360	1	1
31565491	NA	0
31582968	1	1
31583279	NA	0
31637097	NA	NA
31650034	NA	0
31656581	NA	NA
31667356	0	0
31667357	NA	NA
31723409	NA	NA
31723410	1	1
31723411	1	1
31754422	1	1
31754502	1	1
31754512	1	1
31754513	0	0
31754517	NA	NA
31754518	0	0
31754519	1	1
31754520	1	1
31803847	0	0
31815249	NA	NA
31826042	1	1
31828224	1	1
31844836	0	0
31885857	NA	NA
31922013	NA	1
31922014	1	1
31922015	NA	NA
31922016	1	1
31949641	NA	NA
31949642	NA	0
31949643	NA	NA
31949644	0	0
31949645	1	1
31949646	NA	NA
31949647	0	0
31949648	NA	NA
31949649	NA	NA
31949650	0	0
31949651	NA	NA
31949652	NA	1
31949653	NA	NA
31949654	NA	NA
31949655	NA	NA
31949656	NA	NA
31949657	NA	NA
31949658	NA	NA
31949659	NA	NA
31949660	1	1
31949661	1	1
31949662	NA	NA
31949663	1	1
31949664	NA	NA
31949665	NA	NA
31949666	NA	NA
31949667	NA	1
31949668	0	0
31949669	0	0
31949670	NA	0
31949671	NA	NA
31949672	1	1
31949673	NA	NA
31949674	NA	NA
31949675	1	1
31949676	1	1
31949677	NA	NA
31949678	NA	NA
31949679	0	0
31949680	1	1
31949681	1	1
31949682	1	1
31949683	NA	NA
31949684	0	0
31949685	1	1
31949686	1	1
31949687	1	1
31949688	1	1
31949689	1	1
31949690	NA	1
31949691	1	1
31949692	NA	NA
31949693	1	1
31949694	NA	NA
31966280	NA	NA
31966290	NA	NA
31966294	NA	0
31966296	NA	0
31966297	NA	NA
31966298	NA	NA
31966299	NA	NA
31966300	NA	NA
31966301	NA	NA
32166146	NA	NA
32175478	NA	NA
32259021	1	1
32259023	NA	NA
32328566	1	1
32382696	NA	NA
32382697	1	1
32382698	1	1
32596628	1	1
32754653	0	0
32754654	1	1
32754655	1	1
32754656	1	1
32754657	1	1
32754658	1	1
32754659	1	1
32754660	1	1
32754661	1	1
32754662	NA	NA
32754663	NA	1
32754664	NA	NA
32754665	0	0
32754666	NA	NA
32754669	NA	NA
32775961	NA	NA
32803126	NA	NA
33062940	NA	NA
33103065	0	0
33520755	1	1
34093969	NA	NA
34671233	1	0
34671234	1	1
35187394	1	1
According to CSO data 4 people died due to acute hepatitis B and 35 people due to chronic hepatitis B in 2016. In comparison with 2015 the epidemiological situation of hepatitis B did not change significantly - there was a slight increase the incidence of chronic and UNK hepatitis B, may be due to the number of tests performed per year and due to completeness of reporting for surveillance. A high percentage of acute cases related probably to medical procedures points to the need to strengthen compliance with safety rules while performing medical procedures at all levels of care and recommendation of vaccination against hepatitis B for all persons previously unvaccinated.	NA	0
After departure of Kazimierz Funk from Poland, the issues related to nutrition were dealt with by Dr. Gustaw Szulc and Dr. Aleksander Szczygie, who since 1938 was the head of the Department of Biochemistry and Nutrition Hygiene. In 1963, all issues related to nutrition were transferred from the National Institute of Hygiene (PZH) to the newly founded Institute of Food and Nutrition in Warsaw, whose director was Aleksander Szczygie.	NA	0
After the Second World War, prof. Stanisaw Krauze, who was appointed the head of the Department of Food Research and Articles of Common Use at the PZH in 1935, continued his mission. Prof. Stanisaw Krauze was recognized as the founder of the scientific bases of food control in Poland, food sciences and the initiator of microbiological food research. Prof. Stanisaw Krauze was the head of this Department of PZH until 1962. Another	NA	0
All cases registered in 2015 were confirmed cases, among those occurred in 2016 there were 773 confirmed cases and 14 probable cases. In both, 2015 and 2016 incidence significantly higher than the average for Poland was in 3 voivodeships: Lubuskie (5.39/100 000 in 2015 and 5.9/100 000 in 2016), Warmisko-Mazurskie (4.78 and 4.03) and lskie (4.43 and 4.47). The overall proportion of hospitalizations was higher than in previous years  75.5% in 2015 and 77.1% in 2016. In both 2015 and 2016 Campylobacter species was determined in more than 80% of cases, among them above 90% of infections were caused by C. jejuni. As in previous years most cases occurred among children aged from 0 to 4. In 2015 there were 4 outbreaks of campylobacteriosis, in 2016  5 outbreaks. In Poland there is continuous increase in number of registered campylobacteriosis cases but diagnosis and reporting is overall rare. Routine Campylobacter diagnosis is performed only in some poviats what makes assessment of epidemiological situation in a country not possible to conduct.	NA	0
all constitute new locality for the short-legged bat tick. Instances of C. vespertilionis larvae wintering in the hosts have been observed as well as occurrence of this parasite outside of bat breeding colonies.	NA	0
and Consumers Goods examined over 65,000 samples of food products, detecting adulterations, false labeling, harmful admixtures or spoiled products in 44% of cases. The State Departments of Food and Consumer Goods in 1952 were transformed into Sanitary-Epidemiological Stations and incorporated into the structures of the State Sanitary Inspection. National Institute of Hygiene obtained the status of a research institute whose tasks were besides the scientific activity, the postgraduate education of the personnel of this Inspection.	NA	0
cases and 33 extraintestinal yersiniosis cases and in 2016  167 intestinal yersiniosis cases and 38 extraintestinal yersiniosis cases. In 2015 and 2016 all intestinal yersiniosis cases met the criteria for confirmed case. In turn, among extraintestinal yersiniosis cases in 2015 26 cases met criteria for probable case and 7 for confirmed case and in 2016  32 for probable and 6 for confirmed case. Both in 2015 and in 2016 the incidence in mazowieckie voivodeship (1.61/100 000 in 2015 and 1.55/100 000 in 2016) largely exceeded the average incidence in Poland. The overall proportion of hospitalizations, 59.5% in 2015 and 58% in 2016, remained at the level similar to the preceding years. Serotype of the isolated Yersinia enterocolitica in 2015 in Poland was determined in 59 cases (32% of all Y. enterocolitica isolates). In 2016 serotype was determined in 47 cases of Y. enterocolitica infections (27% of all Y. enterocolitica isolates). Predominant serotype was O3. As in the previous years about 1/3 of infections occurred among children aged 0-4 (110 cases, 34.9% in 2015 and 92 cases, 30.9% in 2016). In 2015 there were no yersiniosis outbreaks, in 2016 there was one outbreak caused by Y. enterolitica. Yersiniosis in Poland is rarely diagnosed and is likely underreported. The percentage of serotyped isolates continues to be low.	NA	0
DWV. Thirteen adult bumblebees (Bombus) representing 4 species were analyzed: Bombus lapidarius (2 workers, 2 males), Bombus lucorum (1 worker), Bombus pascuorum (5 workers, 1 male) and Bombus terrestris (2 workers). These specimens were found dead in two urban botanical gardens and four landscape parks in Lower Silesia. Microsporidia of the genus Nosema and CBPV were not detected in any of the examined samples. ABPV was identified in 2 insects of B. pascuorum and B. terrestris (2 workers). The presence of DWV was detected in 12 bumblebees (10 workers, 2 males).	NA	0
Food safety issues went to the National Institute of Hygiene in 1935 after incorporating into its structure the State Department of Food and Consumers Goods operating in Warsaw since 1919. Thanks to this reorganization, National Institute of Hygiene became the headquarter for all State Departments of Food and Consumer Goods in Poland. As soon as in the third year of their activity (in 1921), the laboratories of the State Department of Food	NA	0
head of this Department, prof. dr h.c. Maksym Nikonorow, introduced research on pesticide residues, food monitoring studies, as well as toxicological testing using laboratory animals, opening a new quality in the assessment of food safety. After his retirement this Department was led by prof. Halina Mazur (1981-1990) and assoc. prof. Kazimierz Karowski (1990-2010). Since 2011 dr Jacek Postupolski is a head of this Department, which in 2012 has changed its name to the Department of Food Safety. The scientific staff of this Department, besides conducting scientific research, service, and educational activities, acts as experts for the Minister of Health, the Minister of Agriculture, and other national authorities, and cooperates with the FAO/WHO, the European Commission and Food and Feed Safety Authority (EFSA). In the Department there are accredited laboratories serving as the National Reference Laboratories (NRLs) which cooperate with the European Union Reference Laboratories (EU-RLs).	NA	0
helminth genera (Metastrongylus, Strongyloides, Oesophagostomum, Hyostrongylus, Globocephalus, Nematodirus, Ascaris, Ascarops, Trichuris, Macracanthorhynchus) and one protozoa (Eimeria) were established through coproscopical investigations. Helminths of the species Metastrongylus elongatus, M. pudendotectus, M. salmi, Globocephalus urosubulatus, Oesophagostomum dentatum, O. quadrispinulatum, Trichuris suis, Macracanthorhynchus hirudinaceus, Ascaris suum, Ascarops strongylina and Physocephalus sexalatus were found during the necropsies. Metastrongylus, Globocephalus and Oesophagostomum were the genera with the highest prevalence of infection being respectively 28.75%, 13.75% and 12.5%. These were also the genera with the highest territorial incidence. Metastrongylids were found in eight of the eleven examined areas, while globocephalids and oesophagostomids were found in four of them. The infections of Metastrongylus spp., Oesophagostomum spp. and Ascarops spp. were with the highest intensity. This is the first study in which O. quadrispinulatum has been found in wild boar from Bulgaria.	NA	0
In 2010-2014 the highest 5-year survival rate in women with breast cancer was in Island (89%), Sweden (89%), Finland (89%) and Norway (88%). Despite its systematic improvement, the 5-year survival rate in Poland was lower than in the majority of European countries, and in the final period amounted to 76,6%. In 2010-2014 the highest survival in women with cervical cancer in Europe was in Island (80%), Norway (73%) and Switzerland (71%). The progress of favourable changes in Poland was not sufficient enough to allow the survival rate (55%) to be significantly closer to the European average. The 5-year survival rate for breast and cervical cancer in Poland in 2010-2014 was significantly different than in other European countries, and placed Poland among the countries with the lowest survival rate. In 2000-2014 in Poland there was an insignificant progress in survival in women with breast and cervical cancer, which did not contribute to fighting the substantial differences when compared to other European countries.	NA	0
In 2016, the total number of reported cases of salmonellosis was 10,027 cases, which was close to 16% increase in cases compared to the previous year and over 19% increase compared to 2014. There were registered 9,701 cases of intestinal and 326 extraintestinal infections. 9,713 cases were classified as confirmed, accounting for 96.9% of all and 314 cases were classified as probable ones. The percentage of hospitalizations in 2016 remained at a similar level as in previous years (71.1%). The peak of incidence as in the previous year was in July. The highest numbers of cases were recorded in the Maopolskie and Mazowieckie voivodeships, which accounted for 23% of all reported cases. As in previous years, most often affected were children at the age 0-4. In 2016 number of reported outbreaks of foodborne infections caused by Salmonella sp. was 240. In 85% of them S. Enteritidis serotype was isolated, which as in previous years was the serotype most frequently isolated in outbreaks and sporadic diseases. Among 443 419 people working with food who were tested for Salmonella 0,2% were positive, as in the previous year. The increase in the incidence of salmonellosis in 2015-2016 in Poland may be related to the outbreak detected in 2016, covering more than a dozen EU countries, associated with eggs originating in Poland.	NA	0
lungs, adrenals glands, nose, throat, and bones of the host. Furthermore, the amoebas can be vectors of pathogenic bacteria. Acanthamoeba infection caused is a serious clinical problem mainly due to limited progress in diagnostics and treatment of this infection, which is associated with insufficient knowledge of pathogenesis, pathophysiology and the host immune response against Acanthamoeba antigens. This review study presents the biology of Acanthamoeba sp. as well as pathogenicity, diagnostics, and treatment of amoebas infections. It also presents data, including experimental results, concerning pathogenic properties and the hosts immunology response against Acanthamoeba sp.	NA	0
Maria, 24% (7/29) from Baler and 14% (4/29) from San Luis. Comparing with the earlier results for probable zoonoses of C. parvum between the farmers and their animal was determined. Eight farmers that were positive in PCR and with their water buffaloes, positive in LAMP assay were detected to have C. parvum. Only one farmer with his cattle was detected positive of Cryptosporidium spp. in PCR, however, it was negative in LAMP assay hence, a non-parvum species might infected the farmer and the animal.	NA	0
Number of reported foodborne outbreaks caused by Salmonella was 190. Among them 154 were caused by Salmonella Enteritidis. This serotype, as in previous years was the most frequently isolated. Out of the 433 571	NA	0
Observed in the last several years high percentage of hospitalizations due to salmonellosis is a consequence of rare laboratory testing for salmonellosis by GPs of patients with gastroenteritis. It also results in the low sensitivity of salmonella surveillance in Poland.	NA	0
of insecticidal and repellent activity against mosquitoes, concentration of one (undiluted extract) had the highest insecticidal and repellent activity against Culex theileri Theobald for both of essential oils and essential oil of Eucalyptus globulus (66% insecticidal and 74% repellent activity) was more potent than Zingiber officinale (45% insecticidal and 61% repellent activity). This study shows that these essential oils can be considered as good replaces for chemical pesticides but more experiments are need for this purpose. Study on insecticidal activity of these essential oils in the field condition can be considered as a subject for next experiments.	NA	0
Random effect model and Stats Direct statistical software was used for the meta-analysis. This review resulted in a total 34 articles meeting the including criteria. The overall prevalence rate of Acanthamoeba spp. among the 1850 water and soil samples in Iran with using random-effect model was estimated 42.7%. The genotyping results of the Acanthamoeba isolates showed that T4 (81.2%) was a predominant strain in Iran. In addition, other genotypes, T2, T3, T4, T5, T6, T11, T13, T15, mixed T3/T4 and mixed T2/T6, were obtained in the environmental samples of Iran. This study may be the first systematic review and meta-analysis of Acanthamoeba prevalence and genotyping in different environmental sources of Iran. Knowledge about wide distribution of Acanthamoeba T4 in the environmental sources may help physicians to manage the patients and susceptible persons in Iran.	NA	0
strain by morphological and molecular methods and temperature assays were performed. Monitoring of the corneal and environmental strains showed changes in population densities and a termo-tolerance correlating with pathogenicity of amoebae. Comparative assessment of results indicated differences in viability of amoebic populations in exponential growth phase in vitro cultivation. The increased awareness of the threat is needed for better understanding of impact of factors examined on pathogenesis in human infected with Acanthamoeba strains.	NA	0
Students with chronic diseases were in a worse situation, especially at the Ukrainian university. Programs aimed at developing the skills of self-care for health should be implemented during medical studies.	NA	0
tested people who were working with food, 0.2% were infected with Salmonella.	NA	0
The endemic territory of the occurrence of the hantavirus infections in Poland is the Podkarpacie region. The morbidity is not high and ranges between 0.02 and 0.14 in every 100 000 but professional literature suggests that the data concerning the territory of Poland is underestimated. So far hantavirus infections have not been reported in other areas of Poland yet the presence of the virus may be excluded. In view of literature and the significant occurrence of Hanta antibodies in patients included in the risk group, it may be claimed that the diseases caused by Hanta virus constitute a significant factor influencing the medical status of the group in focus all over the country.	NA	0
The first scientific institution in Poland devoted to nutrition after the First World War was the Department of Biochemistry and Hygiene of Nutrition created in 1923 in the National School of Hygiene operating at the National Institute of Hygiene (PZH), whose director was Dr. Ludwik Rajchman. This Department was headed since 1925 by Kazimierz Funk, an outstanding scholar, who had already gained international fame as a discoverer of vitamins, and at PZH he investigated the effects of poor nutrition on health.	NA	0
The French government is committed to promoting the development of habitat inclusive (inclusive housing) in the future. The increasing number of projects has to take place under conditions that guarantee their sustainability. To make it happen, it is necessary that the projects respect the peoples autonomy.	NA	0
The incidence of chronic and unknown (in terms of stage) hepatitis B was 9.77 per 100,000 population and it was higher by 8% than in the previous year. The highest incidence was recorded in pomorskie voivodeship (19.42 per 100,000), and the lowest in lubelskie voivodeship (2.81 per 100,000). Chronic and unknown stage (UNK) hepatitis B were more often detected in men (1.3-fold more frequent than in women) and in urban residents (1.5-fold more frequent than in rural). The dominant route of transmission of chronic and UNK infections still remains procedures performed in medical settings (77% of cases with a known transmission route).	NA	0
The term inclusive housing includes maisons relais, pensions de famille, rsidences accueil and Familles Gouvernantes (halfway houses, guest houses, and foster homes). These houses aim, implemented by the hosts, is to fight against social exclusion in order to open up to the city. The goal is to offer the people the opportunity to empower themselves while respecting their abilities, thus promoting their recovery. When building projects, the limits must be designed to adapt to the needs of tenants, without setting rules that would be too strict.	NA	0
transmission.	NA	0
vertebrate hosts; pathogen circulates primarily in the cycle: infected rodent  the tick larva  the nymph  the mammal reservoir the larva of the tick. The tick stages able to effectively infect human are nymphs and adult females, males do not participate in the follow transmission. For large Babesia  B. divergens and B. venatorum, the transovarial and transstadial transmission enable the presence of the agent in adult ticks, moreover, that larvae and nymphs feed on not-susceptible hosts. The tick stages able to effectively infect cattle and other ruminants are adult females. Resuming, pathogen circulates primarily in the cycle the ruminant host  adult female tick  the larva  the nymph  adult female of the next generation  the ruminant. Due to the compound developmental transmission has place after the outflow of a tick began feeding.	NA	0
